2.612244898,8.13533,1.1
9.987482993,94.3921,2.1
10.623129252,92.725,2.2
11.270204082,91.9516,3.1
11.922721088,96.8805,3.2
12.542040816,90.8155,4.1
13.202721088,96.1203,4.2
13.826938776,98.3497,5.1
14.437006803,109.592,5.2
14.984489796,110.915,6.1
15.525442177,99.9547,6.2
16.125714286,100.869,7.1
16.720544218,115.048,7.2
17.242063492,111.962,8.1
17.777959184,94.7402,8.2
18.411269841,96.6011,9.1
19.032380952,103.327,9.2
19.613061224,94.3114,2.1
20.249251701,101.707,2.2
20.839183673,97.0511,3.1
21.457414966,101.989,3.2
22.045714286,93.8298,4.1
22.685170068,99.2349,4.2
23.289795918,98.7019,5.1
23.897687075,115.324,5.2
24.417959184,109.05,6.1
24.968163265,105.301,6.2
25.537959184,108.301,7.1
26.091972789,112.845,7.2
26.623673469,119.318,8.1
27.126530612,100.962,8.2
27.720816327,105.033,9.1
28.292063492,107.877,9.2
28.848253968,116.379,10.1
29.363809524,120.624,10.2
29.861224490,98.029,11.1
30.473287982,90.0245,11.2
31.139773243,93.8797,12.1
31.778888889,80.3401,12.2
32.525714286,42.663,13.1
33.932086168,49.6594,13.2
35.140317460,103.392,14.1
35.720634921,105,14.2
36.292063492,110.291,15.1
36.836077098,111.023,15.2
37.376507937,105,16.1
37.947936508,99.6835,16.2
38.549841270,91.5698,17.1
39.205079365,106.831,17.2
39.766712018,114.729,10.1
40.289682540,130.789,10.2
40.748435374,93.6372,11.1
41.389206349,79.5478,11.2
42.143469388,96.654,12.1
42.764240363,67.9699,12.2
43.646984127,50.8895,13.1
44.826009070,40.844,13.2
46.295011338,103.895,14.1
46.872517007,93.0314,14.2
47.517460317,106.419,15.1
48.081269841,114.684,15.2
48.604444444,101.887,16.1
49.193333333,96.7742,16.2
49.813333333,94.8319,18.1
50.446031746,89.2111,18.2
51.118594104,106.393,19.1
51.682539683,105.448,19.2
52.251541950,112.524,20.1
52.784761905,107.877,20.2
53.340952381,113.582,21.1
53.869206349,112.5,21.2
54.402539683,111.439,22.1
54.940952381,116.379,22.2
55.456507937,110.397,23.1
56.000000000,108.871,23.2
56.551111111,116.955,24.1
57.064126984,113.582,24.2
57.592380952,115.244,25.1
58.113015873,113.387,25.2
58.642176871,108.053,26.1
59.197460317,114.13,26.2
59.723174603,111.967,19.1
60.259047619,117.537,19.2
60.769523810,114.13,20.1
61.295238095,114.684,20.2
61.818412698,112.5,21.1
62.351746032,113.038,21.2
62.882539683,113.038,22.1
63.413333333,115.809,22.2
63.931428571,113.582,23.1
64.459682540,108.871,23.2
65.010793651,108.929,24.1
65.561609977,112.976,24.2
66.092698413,110.915,25.1
66.633650794,111.439,25.2
67.172063492,110.062,26.1
67.717210884,115.611,26.2
68.236190476,112.5,27.1
68.769523810,111.967,27.2
69.305396825,102.909,28.1
69.888435374,104.8,28.2
70.460952381,106.831,29.1
71.022585034,81.3053,29.2
71.760544218,19.2745,30.1
74.873469388,26.9428,30.2
77.100408163,116.79,31.1
77.614149660,114.844,31.2
78.136598639,114.367,32.1
78.661224490,123.599,32.2
79.146666667,115.809,33.1
79.664761905,106.01,33.2
80.230748299,112.961,34.1
80.761904762,119.48,34.2
81.264081633,116.528,27.1
81.778979592,115.134,27.2
82.300113379,104.647,28.1
82.873469388,113.043,28.2
83.404240363,102.016,29.1
83.992380952,80.8284,29.2
84.734693878,18.6422,30.1
87.953197279,23.5476,30.2
90.501224490,110.915,31.1
91.042176871,114.446,31.2
91.566439909,116.873,32.1
92.079818594,116.873,32.2
92.593197279,118.975,33.1
93.097505669,107.039,33.2
93.658049887,109.884,34.1
94.204081633,123.414,34.2
94.690249433,115.647,35.1
95.209070295,118.448,35.2
95.715623583,113.363,36.1
96.244897959,113.66,36.2
96.772789116,123.414,37.1
97.258956916,124.342,37.2
97.741496599,123.161,38.1
98.228662132,119.383,38.2
98.731247166,121.421,39.1
99.225396825,121.599,39.2
99.718820862,120.273,40.1
100.217687075,125.76,40.2
100.694784580,120.464,41.1
101.192857143,123.305,41.2
101.679455782,126.433,42.1
102.154013605,120.36,42.2
102.652517007,123.599,35.1
103.137959184,116.832,35.2
103.651519274,126.385,36.1
104.126258503,123.587,36.2
104.611746032,123.058,37.1
105.099319728,119.324,37.2
105.602154195,125.278,38.1
106.081088435,127.016,38.2
106.553469388,117.287,39.1
107.065034014,125.284,39.2
107.543945578,118.294,40.1
108.051156463,132.512,40.2
108.503945578,123.599,41.1
108.989387755,120.888,41.2
109.485714286,121.599,42.1
109.979138322,118.548,42.2
110.485260771,125.284,43.1
110.964172336,111.364,43.2
111.502947846,112.5,44.1
112.036281179,103.037,44.2
112.618594104,101.147,45.1
113.211791383,70.5224,45.2
114.062585034,20.8281,46.1
116.943310658,31.6205,46.2
118.840816327,111.364,47.1
119.379591837,118.125,47.2
119.887528345,114.844,48.1
120.409977324,126.24,48.2
120.885260771,124.342,49.1
121.367800454,121.599,49.2
121.861224490,116.873,50.1
122.374603175,112.5,50.2
122.907936508,130.731,43.1
123.366893424,110.99,43.2
123.907482993,109.158,44.1
124.457142857,97.855,44.2
125.070294785,101.457,45.1
125.661678005,62.0544,45.2
126.628571429,20.8189,46.1
129.510566893,29.3091,46.2
131.557709751,116.129,47.1
132.074376417,121.154,47.2
132.569614512,114.347,48.1
133.094331066,135.692,48.2
133.536507937,115.854,49.1
134.054399093,113.47,49.2
134.583174603,110.559,50.1
135.125873016,112.797,50.2
135.657800454,125.456,51.1
136.136054422,104.996,51.2
136.707505669,106.698,52.1
137.269841270,123.876,52.2
137.754195011,124.811,53.1
138.234920635,106.35,53.2
138.799092971,110.117,54.1
139.343968254,127.561,54.2
139.814331066,108.478,55.1
140.367437642,105.933,55.2
140.933832200,117.61,56.1
141.443990930,110.167,56.2
141.988616780,118.22,57.1
142.496145125,123.876,57.2
142.980498866,115.294,58.1
143.500907029,104.958,58.2
144.072562358,113.009,51.1
144.603492063,98.8088,51.2
145.210725624,106.073,52.1
145.776371882,115.43,52.2
146.296167800,117.815,53.1
146.805442177,109.761,53.2
147.352086168,113.65,54.1
147.880022676,112.706,54.2
148.412380952,105.108,55.1
148.983219955,107.33,55.2
149.542244898,112.682,56.1
150.074716553,116.992,56.2
150.587573696,111.953,57.1
151.123514739,115.289,57.2
151.643945578,115.576,58.1
152.163083900,104.305,58.2
152.738321995,108.018,59.1
153.293786848,126.132,59.2
153.769478458,91.8941,60.1
154.422403628,94.0566,60.2
155.060317460,110.25,61.1
155.604535147,91.0185,61.2
156.263741497,67.9455,62.1
157.146802721,50.164,62.2
158.342879819,110.439,63.1
158.886167800,106.922,63.2
159.447324263,106.291,64.1
160.011814059,117.757,64.2
160.521337868,106.565,65.1
161.084376417,112.28,65.2
161.618752834,104.128,66.1
162.194965986,100.831,66.2
162.790022676,115.244,59.1
163.310657596,122.048,59.2
163.802267574,99.3728,60.1
164.406054422,92.6049,60.2
165.053968254,101.769,61.1
165.643537415,82.4813,61.2
166.370975057,64.1361,62.1
167.306485261,59.8426,62.2
168.309115646,108.907,63.1
168.860045351,100.869,63.2
169.454875283,104.009,64.1
170.031746032,107.679,64.2
170.588956916,112.562,65.1
171.121995465,106.633,65.2
171.684671202,91.1597,67.1
172.342857143,104.009,67.2
172.919727891,89.3919,68.1
173.590929705,100.977,68.2
174.185124717,97.6708,69.1
174.799433107,106.073,69.2
175.365079365,97.8478,70.1
175.978276644,97.5844,70.2
176.593129252,103.671,71.1
177.171882086,99.4512,71.2
177.775192744,105.528,72.1
178.343764172,99.6235,72.2
178.946031746,107.386,73.1
179.504761905,100.501,73.2
180.101768707,110.287,74.1
180.645804989,105,74.2
181.217233560,109.046,75.1
181.767460317,89.0819,75.2
182.440997732,102.705,68.1
183.025192744,98,68.2
183.637437642,95.589,69.1
184.265124717,99.0121,69.2
184.871111111,101.848,70.1
185.460226757,95.427,70.2
186.088979592,95.7689,71.1
186.715487528,102.646,71.2
187.300022676,102.419,72.1
187.885850340,102.233,72.2
188.472743764,106.957,73.1
189.033718821,109.824,73.2
189.580045351,107.33,74.1
190.139070295,99.0751,74.2
190.744671202,110.619,76.1
191.287074830,97.2794,76.2
191.903854875,109.52,77.1
192.451700680,106.35,77.2
193.015873016,91.1157,78.1
193.674376417,107.039,78.2
194.234920635,111.953,79.1
194.770861678,78.5023,79.2
195.535170068,62.4985,80.1
196.495192744,61.5893,80.2
197.469387755,96.7105,81.1
198.089795918,91.6205,81.2
198.744671202,94.5,82.1
199.379591837,91.5476,82.2
200.034988662,106.107,83.1
200.600453515,106.35,83.2
201.164625850,89.163,84.1
201.837551020,102.989,84.2
202.420136054,103.716,77.1
202.998639456,104.009,77.2
203.575510204,86.9765,78.1
204.265351474,93.7699,78.2
204.905215420,105.671,79.1
205.473015873,66.8182,79.2
206.370975057,52.1914,80.1
207.520589569,72.3307,80.2
208.350113379,92.3883,81.1
208.999546485,92.3883,81.2
209.648979592,96.4286,82.1
210.271201814,95.427,82.2
210.899954649,102.273,83.1
211.486621315,100.227,83.2
212.085260771,83.9281,84.1
212.800158730,57.4306,84.2
213.844897959,104.009,85.1
214.421768707,110.99,85.2
214.962358277,111.364,86.1
215.501133787,106.694,86.2
216.063492063,110.874,87.1
216.604648526,118.681,87.2
217.110204082,109.52,88.1
217.658049887,100.838,88.2
218.253061224,117.287,89.1
218.764625850,112.119,89.2
219.299773243,109.884,90.1
219.845804989,109.783,90.2
220.392335601,107.697,91.1
220.949455782,114.204,91.2
221.474829932,113.66,92.1
222.002721088,86.811,92.2
222.693877551,104.009,85.1
223.270748299,110.99,85.2
223.811337868,111.74,86.1
224.348299320,105.671,86.2
224.916099773,107.386,87.1
225.474829932,110.99,87.2
226.015419501,109.52,88.1
226.563265306,111.364,88.2
227.102040816,107.217,89.1
227.661655329,117.168,89.2
228.173741497,107.657,90.1
228.731065760,105.671,90.2
229.298866213,110.619,91.1
229.841269841,108.088,91.2
230.396371882,109.606,92.1
230.943786848,108.004,92.2
231.499319728,116.873,93.1
232.012698413,113.271,93.2
232.542403628,104.009,94.1
233.119274376,116.873,94.2
233.632653061,116.053,95.1
234.149659864,92.1309,95.2
234.800907029,68.519,96.1
235.676575964,43.5606,96.2
237.053968254,114.844,97.1
237.576417234,106.01,97.2
238.142403628,110.99,98.1
238.682993197,105.334,98.2
239.252607710,112.5,99.1
239.785941043,110.337,99.2
240.329727891,101.046,100.1
240.923514739,103.388,100.2
241.503854875,112.918,93.1
242.035215420,116.837,93.2
242.548752834,106.694,94.1
243.111111111,114.446,94.2
243.635374150,112.884,95.1
244.166893424,89.1509,95.2
244.839909297,48.7212,96.1
246.071405896,70.5017,96.2
246.922448980,107.978,97.1
247.478117914,103.785,97.2
248.056235828,110.619,98.1
248.598639456,112.884,98.2
249.130158730,110.241,99.1
249.674421769,110.628,99.2
250.216780045,95.2312,100.1
250.846825397,88.2736,100.2
251.526530612,98.7313,101.1
252.134240363,100.532,101.2
252.731065760,94.2308,102.1
253.367800454,98.9973,102.2
253.973877551,105.705,103.1
254.541496599,102.083,103.2
255.129251701,100.838,104.1
255.724263039,102.083,104.2
256.312018141,107.736,105.1
256.868934240,98.4375,105.2
257.478458050,97.2794,106.1
258.095238095,99.0269,106.2
258.701133787,99.0269,107.1
259.307029478,100.838,107.2
259.902040816,100.532,108.1
260.498866213,89.8777,108.2
261.166439909,92.9922,101.1
261.811655329,100.079,101.2
262.411179138,94.5709,102.1
263.045623583,96.9657,102.2
263.664399093,94.3147,103.1
264.300566893,109.52,103.2
264.848412698,96.3408,104.1
265.471201814,100.532,104.2
266.068027211,104.738,105.1
266.640884354,96.9337,105.2
267.259863946,94.2677,106.1
267.896349206,104.292,106.2
268.471655329,103.797,107.1
269.049705215,94.9136,107.2
269.681859410,99.661,108.1
270.283900227,92.1309,108.2
270.935147392,98.4375,109.1
271.544671202,102.717,109.2
272.128798186,91.3674,110.1
272.785487528,95.8696,110.2
273.411337868,91.1157,111.1
274.069841270,93.169,111.2
274.713832200,17.4907,112.1
278.144217687,10.8478,112.2
283.675283447,84.8077,113.1
284.382766440,108.088,113.2
284.937868481,97.2794,114.1
285.554648526,108.443,114.2
286.107936508,100.227,115.1
286.706575964,97.2044,115.2
287.323832200,105.088,116.1
287.894784580,92.9073,116.2
288.540589569,98.8789,109.1
289.147392290,100.685,109.2
289.743310658,82.0363,110.1
290.474693878,104.726,110.2
291.047619048,104.338,111.1
291.622675737,97.855,111.2
292.235827664,16.3092,112.1
295.914739229,10.3295,112.2
301.723356009,94.6995,113.1
302.356938776,103.618,113.2
302.935986395,100.368,114.1
303.533786848,102.961,114.2
304.116530612,101.938,115.1
304.705124717,103.263,115.2
305.286167800,108.443,116.1
305.839455782,50.1136,116.2
307.036734694,95.8696,117.1
307.662585034,101.769,117.2
308.252154195,92.4819,118.1
308.900929705,102.308,118.2
309.487392290,99.0047,119.1
310.093424036,103.359,119.2
310.673922902,101.457,120.1
311.265306122,100.36,120.2
311.863151927,104.854,121.1
312.435374150,106.694,121.2
312.997732426,103.359,122.1
313.578231293,112.119,122.2
314.113378685,109.158,123.1
314.663038549,108.443,123.2
315.216326531,114.052,124.1
315.742403628,110.619,124.2
316.284807256,99.9245,117.1
316.885260771,106.694,117.2
317.447619048,98.2912,118.1
318.058049887,101.325,118.2
318.650204082,108.773,119.1
319.201814059,105,119.2
319.773242630,102.142,120.1
320.360657596,104.276,120.2
320.936054422,105.671,121.1
321.503854875,102.522,121.2
322.089092971,109.019,122.1
322.639455782,106.952,122.2
323.200453515,103.44,123.1
323.780498866,116.862,123.2
324.293922902,106.359,124.1
324.858049887,105.671,124.2
325.425850340,93.4322,125.1
326.068027211,104.009,125.2
326.644897959,99.0269,126.1
327.250793651,107.386,126.2
327.809523810,106.01,127.1
328.375510204,91.1157,127.2
329.034013605,49.4515,128.1
330.247324263,50.1773,128.2
331.443083900,99.9245,129.1
332.043537415,108.088,129.2
332.598639456,106.694,130.1
333.160997732,109.158,130.2
333.710657596,105,131.1
334.282086168,114.844,131.2
334.804535147,96.1483,132.1
335.428571429,89.6341,132.2
336.097959184,100.227,125.1
336.696598639,113.271,125.2
337.226303855,102.399,126.1
337.812244898,113.66,126.2
338.340136054,112.5,127.1
338.873469388,104.338,127.2
339.448526077,77.6522,128.1
340.221201814,37.1186,128.2
341.837641723,100.227,129.1
342.436281179,107.039,129.2
342.996825397,106.01,130.1
343.562811791,110.99,130.2
344.103401361,105.671,131.1
344.671201814,110.99,131.2
345.211791383,85.4651,132.1
345.913832200,32.8777,132.2
347.738775510,104.829,133.1
348.311133787,110.809,133.2
348.852607710,112.242,134.1
349.387165533,115.114,134.2
349.908390023,107.039,135.1
350.468934240,110.948,135.2
351.009727891,111.991,136.1
351.545487528,119.599,136.2
352.047165533,111.364,137.1
352.585941043,108.889,137.2
353.136961451,108.898,138.1
353.687936508,128.434,138.2
354.155102041,120.712,139.1
354.652154195,117.705,139.2
355.161904762,113.718,140.1
355.689523810,117.642,140.2
356.199546485,111.74,133.1
356.736507937,117.287,133.2
357.248072562,119.913,134.1
357.748435374,123.795,134.2
358.233106576,109.158,135.1
358.782766440,110.915,135.2
359.323718821,114.13,136.1
359.849433107,124.811,136.2
360.330158730,107.039,137.1
360.890702948,113.728,137.2
361.418276644,116.801,138.1
361.931972789,112.884,138.2
362.463492063,121.599,139.1
362.956916100,114.052,139.2
363.482993197,115.244,141.1
364.003628118,115.647,141.2
364.522448980,115.244,142.1
365.043083900,105.709,142.2
365.610680272,126.259,143.1
366.085895692,123.807,143.2
366.570521542,116.053,144.1
367.087528345,105,144.2
367.658956916,81.7954,145.1
368.392494331,39.392,145.2
369.915646259,109.52,146.1
370.463492063,121.599,146.2
370.956916100,118.125,147.1
371.464852608,125.439,147.2
371.943174603,115.516,148.1
372.462585034,112.1,148.2
372.997823129,121.176,149.1
373.492970522,117.705,149.2
374.002721088,113.66,142.1
374.530612245,111.364,142.2
375.069387755,125.76,143.1
375.546485261,117.287,143.2
376.058049887,111.364,144.1
376.596825397,104.668,144.2
377.170068027,65.2286,145.1
378.089909297,48.3597,145.2
379.330612245,104.181,146.1
379.906530612,122.262,146.2
380.397278912,123.524,147.1
380.883015873,112.62,147.2
381.415782313,126.943,148.1
381.888435374,116.764,148.2
382.402290249,88.4979,150.1
383.080272109,21.1612,150.2
385.915646259,87.5,151.1
386.601360544,87.9654,151.2
387.283446712,99.7587,152.1
387.884897959,92.79,152.2
388.531519274,96.9941,153.1
389.150113379,92.1309,153.2
389.801360544,96.1483,154.1
390.425396825,89.6129,154.2
391.094943311,92.9301,155.1
391.740589569,91.875,155.2
392.393650794,92.8486,156.1
393.039863946,83.8749,156.2
393.755215420,96.3057,157.1
394.378231293,90.7906,157.2
395.039092971,74.043,158.1
395.849433107,63.9749,158.2
396.787301587,84.9275,151.1
397.493786848,91.3958,151.2
398.150272109,100.585,152.1
398.746780045,89.7679,152.2
399.415170068,90.2733,153.1
400.079818594,93.9631,153.2
400.718367347,101.457,154.1
401.309750567,90.3473,154.2
401.973854875,98.4631,155.1
402.583219955,92.686,155.2
403.230566893,93.6571,156.1
403.871201814,88.0738,156.2
404.552448980,95.8626,157.1
405.178344671,85.1488,157.2
405.882993197,76.7401,158.1
406.664852608,80.4744,158.2
407.410430839,88.4358,159.1
408.088888889,92.0572,159.2
408.740657596,95.0704,160.1
409.371768707,97.0475,160.2
409.990022676,98.7092,161.1
410.597868481,89.7497,161.2
411.266394558,53.3124,162.1
412.391836735,29.9721,162.2
414.393696145,87.3902,163.1
415.080272109,99.6235,163.2
415.682539683,85.5065,164.1
416.384240363,96.9408,164.2
417.003174603,98.1454,165.1
417.614512472,90.3689,165.2
418.278458050,87.0395,166.1
418.967800454,94.7708,166.2
419.600907029,93.9631,159.1
420.239455782,97.855,159.2
420.852607710,89.8777,160.1
421.520181406,98.7313,160.2
422.127891156,95.5925,161.1
422.755555556,90.0919,161.2
423.421541950,54.7713,162.1
424.517006803,28.7506,162.2
426.603922902,86.4762,163.1
427.297755102,103.001,163.2
427.880272109,91.3296,164.1
428.537233560,91.8654,164.2
429.190362812,99.7098,165.1
429.792108844,82.6668,165.2
430.517913832,76.2097,166.1
431.305215420,32.7934,166.2
433.134852608,103.549,167.1
433.714285714,106.01,167.2
434.280272109,111.693,168.1
434.817460317,100.954,168.2
435.411791383,106.188,169.1
435.976825397,117.381,169.2
436.487981859,112.884,170.1
437.019501134,109.52,170.2
437.567346939,110.99,171.1
438.107936508,113.66,171.2
438.635827664,110.99,172.1
439.176417234,113.66,172.2
439.704308390,112.884,173.1
440.235827664,105.658,173.2
440.803696145,111.378,174.1
441.342403628,93.4124,174.2
441.984716553,114.476,167.1
442.508843537,114.052,167.2
443.034920635,107.386,168.1
443.593650794,106.01,168.2
444.159637188,113.66,169.1
444.687528345,115.647,169.2
445.206349206,117.705,170.1
445.716099773,118.125,170.2
446.224036281,110.99,171.1
446.764625850,116.053,171.2
447.281632653,112.884,172.1
447.813151927,114.185,172.2
448.338616780,109.624,173.1
448.885941043,113.029,173.2
449.416780045,114.407,174.1
449.941224490,90.6413,174.2
450.603174603,118.548,175.1
451.109297052,117.287,175.2
451.620861678,118.125,176.1
452.128798186,116.873,176.2
452.642176871,120.712,177.1
453.139229025,117.705,177.2
453.648979592,87.7321,178.1
454.332879819,31.3507,178.2
456.246712018,107.6,179.1
456.804331066,109.52,179.2
457.352176871,108.19,180.1
457.906757370,109.943,180.2
458.452494331,116.513,181.1
458.967460317,112.812,181.2
459.499319728,109.158,182.1
460.048979592,87.7321,182.2
460.732879819,116.053,183.1
461.249886621,113.271,183.2
461.779591837,121.599,184.1
462.273015873,118.125,184.2
462.780952381,116.873,185.1
463.294331066,119.837,185.2
463.795011338,85.6865,186.1
464.495238095,28.6612,186.2
466.588662132,107.872,187.1
467.144875283,109.742,187.2
467.691609977,113.66,188.1
468.219501134,102.717,188.2
468.803628118,115.244,189.1
469.324263039,115.244,189.2
469.844897959,123.876,190.1
470.329251701,134.451,190.2
470.775510204,103.712,191.1
471.354036281,106.612,191.2
471.916825397,111.046,192.1
472.457142857,110.25,192.2
473.001360544,110.25,193.1
473.545578231,108.799,193.2
474.097052154,118.49,194.1
474.603424036,112.836,194.2
475.135170068,106.21,195.1
475.700090703,102.233,195.2
476.286984127,109.957,196.1
476.832653061,117.08,196.2
477.345124717,116.149,197.1
477.861700680,130.997,197.2
478.319727891,102.638,198.1
478.904308390,106.01,198.2
479.470294785,104.668,199.1
480.043537415,105.179,199.2
480.613990930,111.537,192.1
481.151927438,110.25,192.2
481.696145125,109.447,193.1
482.244353741,104.206,193.2
482.820136054,115.875,194.1
483.337936508,112.898,194.2
483.869387755,106.694,195.1
484.431746032,102.61,195.2
485.016485261,109.998,196.1
485.561950113,110.6,196.2
486.104444444,121.343,197.1
486.598911565,129.528,197.2
487.062131519,109.158,200.1
487.611791383,104.009,200.2
488.188662132,110.619,201.1
488.731065760,109.321,201.2
489.279909297,102.257,202.1
489.866666667,109.884,202.2
490.412698413,114.052,203.1
490.938775510,108.443,203.2
491.492063492,76.7223,204.1
492.274104308,23.2781,204.2
494.851632653,108.795,205.1
495.403129252,105.372,205.2
495.972539683,108.75,206.1
496.524263039,113.271,206.2
497.053968254,108.545,207.1
497.606734694,115.531,207.2
498.126077098,107.736,208.1
498.682993197,103.915,208.2
499.260385488,106.432,201.1
499.824126984,107.404,201.2
500.382766440,101.147,202.1
500.975963719,109.158,202.2
501.525623583,112.5,203.1
502.058956916,101.652,203.2
502.649206349,68.3898,204.1
503.526530612,22.0647,204.2
506.245804989,104.338,205.1
506.820861678,104.867,205.2
507.393015873,108.23,206.1
507.947392290,109.511,206.2
508.495283447,104.108,207.1
509.071609977,104.577,207.2
509.645351474,89.8777,208.1
510.312925170,19.7463,208.2
513.351473923,55.217,209.1
514.438095238,82.2761,209.2
515.167346939,92.3883,210.1
515.816780045,98.4375,210.2
516.426303855,89.3496,211.1
517.097823129,74.5226,211.2
517.902947846,73.1748,212.1
518.722902494,67.7766,212.2
519.608163265,95.317,213.1
520.237641723,96.7105,213.2
520.858049887,81.2654,214.1
521.596371882,112.884,214.2
522.127891156,96.1483,215.1
522.751927438,71.4363,215.2
523.591836735,66.018,216.1
524.500680272,70.6731,216.2
525.349659864,68.0556,209.1
526.231292517,79.1268,209.2
526.989569161,90.9466,210.1
527.649297052,101.046,210.2
528.243083900,87.5,211.1
528.928798186,73.6637,211.2
529.743310658,74.6614,212.1
530.546938776,72.2162,212.2
531.377777778,95.0431,213.1
532.009070295,101.769,213.2
532.598639456,95.3101,214.1
533.228163265,95.8765,214.2
533.853968254,90.3689,215.1
534.517913832,73.5,215.2
535.334240363,87.7321,217.1
536.018140590,106.01,217.2
536.584126984,65.1083,218.1
537.505668934,84.5908,218.2
538.214965986,93.9631,219.1
538.853514739,108.443,219.2
539.406802721,70.5224,220.1
540.257596372,78.75,220.2
541.019501134,36.2664,221.1
542.673922902,23.0167,221.2
545.280725624,74.6614,222.1
546.084353741,89.8777,222.2
546.751927438,83.3123,223.1
547.472108844,85.9091,223.2
548.170521542,93.4322,224.1
548.812698413,71.7462,224.2
549.648979592,70.4604,225.1
550.500521542,87.5956,225.2
551.185487528,77.459,226.1
551.960090703,88.6729,226.2
552.636734694,81.8688,219.1
553.369614512,116.873,219.2
553.882993197,73.5,220.1
554.699319728,78.335,220.2
555.465260771,41.1496,221.1
556.923356009,29.1924,221.2
558.978684807,71.5909,222.1
559.816780045,90.6164,222.2
560.478911565,76.2097,223.1
561.266213152,87.9654,223.2
561.948299320,86.6093,224.1
562.641065760,73.8673,224.2
563.453333333,46.6667,227.1
564.739047619,28.1927,227.2
566.867256236,92.6925,228.1
567.514557823,104.8,228.2
568.087074830,117.788,229.1
568.596462585,107.247,229.2
569.155918367,115.809,230.1
569.674013605,114.844,230.2
570.196462585,114.367,231.1
570.721088435,110.167,231.2
571.265714286,103.537,232.1
571.845215420,97.3582,232.2
572.461496599,122.065,233.1
572.953038549,108.278,233.2
573.507165533,105.544,234.1
574.075646259,111.139,234.2
574.615510204,105.946,235.1
575.181836735,102.142,235.2
575.769251701,87.5,236.1
576.454965986,109.811,236.2
577.001360544,114.471,229.1
577.525510204,109.407,229.2
578.073922902,113.45,230.1
578.602789116,110.099,230.2
579.147755102,117.287,231.1
579.659319728,109.511,231.2
580.207210884,103.214,232.1
580.788526077,111.919,232.2
581.324625850,112.596,233.1
581.857505669,112.214,233.2
582.392199546,109.122,234.1
582.942040816,106.831,234.2
583.503673469,107.815,237.1
584.060181406,120.174,237.2
584.559455782,109.375,238.1
585.108027211,100.593,238.2
585.704489796,116.297,239.1
586.220408163,123.599,239.2
586.705850340,103.57,240.1
587.285170068,104.971,240.2
587.856757370,106.775,241.1
588.418684807,33.9788,241.2
590.184489796,110.915,242.1
590.725442177,119.06,242.2
591.229387755,116.79,243.1
591.743129252,114.844,243.2
592.265578231,108.943,244.1
592.816326531,116.297,244.2
593.332244898,104.8,245.1
593.904761905,122.955,245.2
594.392743764,104.668,246.1
594.965986395,102.717,246.2
595.550113379,114.844,239.1
596.072562358,116.053,239.2
596.589569161,102.435,240.1
597.175306122,102.682,240.2
597.759637188,100.532,241.1
598.356462585,32.0494,241.2
600.228571429,111.364,242.1
600.767346939,114.259,242.2
601.292471655,117.485,243.1
601.803174603,122.048,243.2
602.294784580,105,244.1
602.866213152,105.671,244.2
603.434013605,95.317,247.1
604.063492063,21.1612,247.2
606.898866213,107.736,248.1
607.455782313,112.5,248.2
607.989115646,120.712,249.1
608.486167800,115.647,249.2
609.004988662,110.619,250.1
609.547392290,116.053,250.2
610.064399093,117.287,251.1
610.575963719,116.873,251.2
611.089342404,121.154,252.1
611.584580499,126.724,252.2
612.058049887,129.199,253.1
612.522448980,122.5,253.2
613.012244898,123.414,254.1
613.498412698,122.955,254.2
613.986394558,119.404,255.1
614.488888889,114.446,255.2
615.013151927,107.386,248.1
615.571882086,108.443,248.2
616.125170068,107.736,249.1
616.682086168,121.154,249.2
617.177324263,108.799,250.1
617.728798186,110.619,250.2
618.271201814,118.125,251.1
618.779138322,111.74,251.2
619.316099773,109.158,252.1
619.865759637,113.271,252.2
620.395464853,118.125,253.1
620.903401361,118.975,253.2
621.407709751,123.876,254.1
621.892063492,121.154,254.2
622.387301587,123.876,256.1
622.871655329,105.334,256.2
623.441269841,113.116,257.1
623.971700680,113.28,257.2
624.501360544,93.2675,258.1
625.144671202,94.5,258.2
625.779591837,98.1454,259.1
626.390929705,58.5398,259.2
627.415873016,32.7747,260.1
629.246553288,37.3375,260.2
630.853514739,113.66,261.1
631.381405896,117.705,261.2
631.891156463,116.053,262.1
632.408163265,124.97,262.2
632.888276644,117.313,263.1
633.399727891,133.799,263.2
633.848163265,130.628,264.1
634.307482993,87.7787,264.2
634.991020408,113.426,257.1
635.520000000,116.297,257.2
636.035918367,100.593,258.1
636.632380952,93.75,258.2
637.272380952,103.23,259.1
637.853605442,60.3118,259.2
638.848435374,29.9592,260.1
640.851156463,31.1089,260.2
642.779863946,112.961,261.1
643.311020408,115.809,261.2
643.829115646,117.788,262.1
644.338503401,121.421,262.2
644.832653061,121.958,263.1
645.324625850,124.155,263.2
645.807891156,107.666,265.1
646.365170068,21.9447,265.2
649.099319728,91.2854,266.1
649.756598639,79.646,266.2
650.509931973,95.427,267.1
651.138684807,98.029,267.2
651.750748299,110.693,268.1
652.292789116,83.0196,268.2
653.015510204,90.0735,269.1
653.681632653,101.333,269.2
654.273741497,100.593,270.1
654.870204082,90.0735,270.2
655.536326531,98.7903,271.1
656.143673469,101.707,271.2
656.733605442,100.593,272.1
657.330068027,92.1823,272.2
657.980952381,80.3571,273.1
658.727619048,87.7787,273.2
659.411156463,89.199,274.1
660.083809524,91.2666,274.2
660.741224490,97.7394,267.1
661.355102041,100.227,267.2
661.953741497,104.403,268.1
662.528435374,81.0662,268.2
663.268571429,91.2666,269.1
663.925986395,106.831,269.2
664.487619048,102.083,270.1
665.075374150,92.4916,270.2
665.724081633,99.5036,271.1
666.327074830,93.4322,271.2
666.969251701,106.01,272.1
667.535238095,99.5036,272.2
668.138231293,86.6745,275.1
668.830476190,96.7105,275.2
669.450884354,90.3689,276.1
670.114829932,77.8602,276.2
670.885442177,89.199,277.1
671.558095238,108.943,277.2
672.108843537,87.2346,278.1
672.796643991,70.9859,278.2
673.641882086,44.4012,279.1
674.993197279,29.701,279.2
677.013333333,95.372,280.1
677.642448980,87.5,280.2
678.328163265,92.4916,281.1
678.976870748,92.1823,281.2
679.627755102,103.23,282.1
680.208979592,87.7787,282.2
680.892517007,87.5,283.1
681.578231293,99.1457,283.2
682.183401361,91.5698,276.1
682.838639456,79.4308,276.2
683.594013605,91.5698,277.1
684.249251701,106.831,277.2
684.810884354,90.0735,278.1
685.477006803,74.2924,278.2
686.284625850,43.6115,279.1
687.660408163,28.8915,279.2
689.737142857,94.3921,280.1
690.372789116,86.6745,280.2
691.065034014,93.4322,281.1
691.707210884,102.463,281.2
692.292789116,92.803,282.1
692.939319728,81.5459,282.2
693.675102041,68.2205,284.1
694.554603175,41.1393,284.2
696.013061224,119.318,285.1
696.515918367,118.294,285.2
697.023129252,112.5,286.1
697.556462585,113.895,286.2
698.083265306,114.844,287.1
698.605714286,120.888,287.2
699.102040816,117.287,288.1
699.613605442,116.297,288.2
700.129523810,118.294,289.1
700.636734694,116.297,289.2
701.152653061,116.297,290.1
701.668571429,123.047,290.2
702.156190476,118.294,291.1
702.663401361,120.36,291.2
703.161904762,107.666,292.1
703.719183673,94.7165,292.2
704.352653061,120.36,285.1
704.851156463,114.844,285.2
705.373605442,129.401,286.1
705.837278912,112.043,286.2
706.372789116,120.36,287.1
706.871292517,122.5,287.2
707.361088435,120.36,288.1
707.859591837,113.895,288.2
708.386394558,113.426,289.1
708.915374150,116.79,289.2
709.429115646,123.047,290.1
709.916734694,126.433,290.2
710.391292517,122.5,291.1
710.881088435,120.888,291.2
711.377414966,112.961,292.1
711.908571429,87.5,292.2
712.594285714,119.837,293.1
713.094965986,95.9043,293.2
713.720589569,105.36,294.1
714.290068027,116.79,294.2
714.803809524,123.047,295.1
715.291428571,96.0366,295.2
715.916190476,69.7785,296.1
716.776054422,33.5719,296.2
718.563265306,115.324,297.1
719.083537415,115.809,297.2
719.601632653,116.79,298.1
720.115374150,123.599,298.2
720.600816327,111.589,299.1
721.138503401,118.294,299.2
721.645714286,87.2231,300.1
722.333605442,108.088,300.2
722.888707483,121.958,293.1
723.380680272,108.514,293.2
723.933605442,107.247,294.1
724.493061224,113.895,294.2
725.019863946,124.717,295.1
725.500952381,92.803,295.2
726.147482993,81.7878,296.1
726.881088435,31.9751,296.2
728.757551020,119.837,297.1
729.258231293,115.809,297.2
729.776326531,122.5,298.1
730.266122449,124.717,298.2
730.747210884,120.36,299.1
731.245714286,135.776,299.2
731.687619048,82.0313,300.1
732.419047619,42.0802,300.2
733.844897959,92.1823,301.1
734.495782313,106.01,301.2
735.061768707,101.707,302.1
735.651700680,105.439,302.2
736.220748299,109.118,303.1
736.770612245,107.666,303.2
737.327891156,106.831,304.1
737.889523810,103.618,304.2
738.468571429,101.707,305.1
739.058503401,108.088,305.2
739.613605442,106.01,306.1
740.179591837,114.844,306.2
740.702040816,108.514,307.1
741.254965986,108.416,307.2
741.808390023,106.103,308.1
742.373877551,98.7903,308.2
742.981224490,108.943,301.1
743.531972789,108.088,301.2
744.087074830,107.247,302.1
744.646530612,109.375,302.2
745.195102041,106.419,303.1
745.758911565,112.961,303.2
746.290068027,106.831,304.1
746.851700680,109.375,304.2
747.400272109,103.078,305.1
747.982358277,105.764,305.2
748.549659864,112.5,306.1
749.082993197,107.491,306.2
749.641179138,111.326,307.1
750.180136054,111.589,307.2
750.717823129,107.247,309.1
751.277278912,112.5,309.2
751.810612245,110.25,310.1
752.354829932,114.308,310.2
752.879727891,110.305,311.1
753.423673469,103.489,311.2
754.003446712,108.656,312.1
754.555646259,75.1022,312.2
755.354557823,52.8017,313.1
756.490884354,83.0196,313.2
757.213605442,94.7165,314.1
757.847074830,108.943,314.2
758.397823129,110.693,315.1
758.939863946,121.958,315.2
759.431836735,117.287,316.1
759.943401361,127.016,316.2
760.415782313,104.009,317.1
760.992653061,117.788,317.2
761.502040816,108.943,310.1
762.052789116,119.837,310.2
762.553469388,115.809,311.1
763.071564626,105.2,311.2
763.641904762,107.247,312.1
764.201360544,74.6951,312.2
765.004625850,59.5302,313.1
766.012517007,76.1899,313.2
766.800022676,93.0412,314.1
767.444897959,99.4625,314.2
768.048140590,112.057,315.1
768.583582766,121.049,315.2
769.079251701,109.28,316.1
769.628299320,119.837,316.2
770.128979592,107.247,318.1
770.688435374,14.2516,318.2
774.898503401,62.7847,319.1
775.854149660,74.6951,319.2
776.657414966,67.5551,320.1
777.545578231,56.8299,320.2
778.601360544,73.6965,321.1
779.415510204,77.5203,321.2
780.189501134,83.1579,322.1
780.911020408,80.1235,322.2
781.659863946,78.5023,323.1
782.424172336,76.5714,323.2
783.207755102,76.6423,324.1
783.990612245,68.7791,324.2
784.862970522,72.8765,325.1
785.686281179,63.6211,325.2
786.629365079,44.9534,326.1
787.964081633,35.1474,326.2
789.671179138,66.6079,327.1
790.571972789,64.2483,327.2
791.505850340,69.4269,328.1
792.370068027,74.0927,328.2
793.179863946,75.7212,329.1
793.972244898,62.2178,329.2
794.936598639,58.5191,330.1
795.961904762,64.3874,330.2
796.893764172,66.2676,331.1
797.799183673,56.0213,331.2
798.870204082,54.0441,332.1
799.980408163,53.4157,332.2
801.103673469,67.39,333.1
801.994013605,54.0441,333.2
803.104217687,54.6875,334.1
804.201360544,48.5255,334.2
805.437823129,73.8941,335.1
806.249795918,58.7687,335.2
807.270748299,53.3124,336.1
808.396190476,64.7007,336.2
809.323537415,74.0927,337.1
810.133333333,48.8697,337.2
811.361088435,40.2961,338.1
812.850068027,23.9057,338.2
815.359931973,63.9455,339.1
816.298231293,56.4805,339.2
817.360544218,55.125,340.1
818.448979592,55.015,340.2
819.539591837,53.3124,341.1
820.665034014,38.4951,341.2
822.223673469,49.3952,342.1
823.438367347,68.0556,342.2
824.320000000,71.0374,343.1
825.164625850,62.0777,343.2
826.131156463,51.8092,344.1
827.289251701,67.7211,344.2
828.175238095,65.0059,345.1
829.098231293,41.4357,345.2
830.546258503,33.9937,346.1
832.311292517,25.0568,346.2
834.705850340,55.125,347.1
835.794285714,50.6664,347.2
836.978503401,43.2014,348.1
838.367346939,40.2961,348.2
839.856326531,39.207,349.1
841.386666667,21.0401,349.2
844.238367347,28.2547,350.1
846.361904762,17.0332,350.2
849.884444444,39.9264,351.1
851.387210884,42.5785,351.2
852.796371882,49.2655,351.3
854.014263039,50.0653,351.4
855.212698413,49.8117,351.5
856.417233560,41.9734,351.6
857.846712018,52.0047,352.1
859.000453515,32.5541,352.2
860.843537415,43.866,352.3
862.211337868,40.8333,352.4
863.680725624,44.3736,352.5
865.032879819,42.3699,352.6
866.448979592,46.5845,353.1
867.736961451,46.4537,353.2
869.028571429,45.5108,353.3
870.346938776,44.2194,353.4
871.703809524,47.9582,353.5
872.954897959,49.5422,353.6
874.165986395,50.4644,354.1
875.354943311,51.6323,354.2
876.517006803,43.4055,354.3
877.899319728,47.7911,354.4
879.154784580,45.9423,354.5
880.460770975,38.7295,354.6
882.009977324,47.7032,355.1
883.267755102,46.9549,355.2
884.545578231,45.2927,355.3
885.870294785,49.823,355.4
887.074557823,47.2399,355.5
888.344671202,47.5216,355.6
889.607256236,48.671,356.1
890.840022676,48.7517,356.2
892.070748299,34.4531,356.3
893.812244898,44.3833,356.4
895.164104308,63.0255,356.5
896.116099773,65.625,356.6
897.030385488,42.8856,357.1
898.429455782,52.4365,357.2
899.573696145,62.4057,357.3
900.535147392,45.1844,357.4
901.863038549,49.3657,357.5
903.078458050,47.9348,357.6
904.330158730,53.4783,358.1
905.452108844,61.532,358.2
906.427210884,31.2618,358.3
908.346485261,40.512,358.4
909.827528345,89.013,358.5
910.501587302,31.2618,358.6
912.420861678,52.5,359.1
913.563718821,51.8417,359.2
914.721088435,51.3587,359.3
915.889342404,47.6585,359.4
917.148299320,65.1083,359.5
918.069841270,53.7183,359.6
919.186780045,51.8183,360.1
920.344671202,53.6932,360.2
921.462131519,49.1867,360.3
922.681972789,62.9326,360.4
923.635374150,54.7599,360.5
924.731065760,50.1136,360.6
925.928344671,46.8484,361.1
927.209070295,50.266,361.2
928.402721088,47.25,361.3
929.672562358,45.3082,361.4
930.996825397,63.3621,361.5
931.943764172,54.7599,361.6
933.039455782,44.9389,362.1
934.374603175,53.8681,362.2
935.488435374,43.75,362.3
936.859863946,49.9622,362.4
938.060770975,62.8698,362.5
939.015124717,44.5575,362.6
940.361700680,38.0342,363.1
941.939229025,59.7022,363.2
942.944217687,46.8484,363.3
944.224943311,46.1555,363.4
945.524897959,53.1069,363.5
946.654693878,47.3286,363.6
947.922426304,37.7498,364.1
949.511836735,41.0156,364.2
950.974693878,52.8017,364.3
952.111020408,45.1474,364.4
953.440000000,39.4313,364.5
954.961632653,54.6875,364.6
956.058775510,43.75,365.1
957.430204082,48.8697,365.2
958.657959184,57.783,365.3
959.696326531,38.9301,365.4
961.237551020,42.1445,365.5
962.661224490,40.7428,365.6
964.133877551,53.8856,366.1
965.247346939,53.4157,366.2
966.370612245,23.5577,366.3
968.917551020,43.494,366.4
970.297052154,48.0689,366.5
971.545260771,43.8268,366.6
972.914285714,40.7428,367.1
974.386938776,61.4977,367.2
975.362585034,70.6165,367.3
976.212244898,70.4023,367.4
977.064489796,65.2254,367.5
977.984376417,66.2676,367.6
978.889795918,75.3074,368.1
979.686530612,75.6605,368.2
980.479546485,73.1667,368.3
981.299591837,57.783,368.4
982.337959184,66.8182,368.5
983.235918367,51.0417,368.6
984.411428571,55.7475,369.1
985.487709751,77.4046,369.2
986.262857143,75.6173,369.3
987.056326531,80.5921,369.4
987.800816327,74.2049,369.5
988.609387755,61.9992,369.6
989.577142857,72.1945,370.1
990.408231293,76.6979,370.2
991.190521542,78.2285,370.3
991.957505669,34.5386,370.4
993.694693878,14.3331,370.5
997.880816327,30.5233,370.6
999.846530612,52.3504,371.1
1000.992653061,57.243,371.2
1002.040816327,54.2035,371.3
1003.147755102,63.3621,371.4
1004.094693878,57.9653,371.5
1005.129795918,37.5767,371.6
1006.726530612,46.6371,372.1
1008.013061224,47.6036,372.2
1009.273469388,51.4716,372.3
1010.439160998,36.6031,372.4
1012.078367347,36.4583,372.5
1013.724081633,33.4729,372.6
1015.516575964,46.279,373.1
1016.813061224,46.2846,373.2
1018.109387755,39.5161,373.3
1019.627755102,43.6511,373.4
1021.002290249,40.8289,373.5
1022.471836735,27.1463,373.6
1024.682086168,51.0417,374.1
1025.857596372,57.1046,374.2
1026.908299320,39.6773,374.3
1028.420498866,50.1478,374.4
1029.616961451,66.0905,374.5
1030.524807256,57.5818,374.6
1031.566802721,49.3942,375.1
1032.781519274,64.0507,375.2
1033.718276644,67.8322,375.3
1034.602811791,67.3351,375.4
1035.493877551,70.4023,375.5
1036.346122449,64.2483,375.6
1037.280000000,72.6285,376.1
1038.106122449,71.2209,376.2
1038.948571429,77.2059,376.3
1039.725714286,49.9321,376.4
1040.927346939,41.4786,376.5
1042.373877551,54.8507,376.6
1043.467755102,55.1802,377.1
1044.555102041,73.0092,377.2
1045.376916100,72.5369,377.3
1046.204081633,72.0588,377.4
1047.036734694,67.062,377.5
1047.931428571,68.6524,377.6
1048.805396825,71.8358,378.1
1049.640634921,65.0315,378.2
1050.563265306,68.5634,378.3
1051.438367347,28.5277,378.4
1053.541587302,15.5735,378.5
1057.394285714,28.3128,378.6
1059.513469388,51.1838,379.1
1060.685714286,59.0836,379.2
1061.701224490,51.4706,379.3
1062.866938776,63.5813,379.4
1063.810612245,75.3074,379.5
1064.607346939,37.3476,379.6
1066.213877551,49.131,380.1
1067.435102041,51.3218,380.2
1068.604195011,50.3137,380.3
1069.796712018,35.5655,380.4
1071.483741497,35.7418,380.5
1073.162448980,35.2011,380.6
1074.866938776,45.0368,381.1
1076.199183673,52.9539,381.2
1077.332244898,56.713,381.3
1078.390204082,47.9765,381.4
1079.640816327,49.5283,381.5
1080.852244898,28.3031,381.6
1082.972154195,41.2002,382.1
1084.428458050,37.3386,382.2
1086.035374150,31.4816,382.3
1087.941247166,43.6065,382.4
1089.317188209,51.8173,382.5
1090.475102041,34.2817,382.6
1092.225306122,43.3373,383.1
1093.609795918,47.1347,383.2
1094.882743764,38.9995,383.3
1096.421224490,40.7736,383.4
1097.892766440,38.0085,383.5
1099.471360544,36.6112,383.6
1101.110204082,26.0638,384.1
1103.412244898,24.8539,384.2
1105.826349206,33.187,384.3
1107.634285714,45.1374,384.4
1108.963560091,40.6458,384.5
1110.439727891,33.0246,384.6
1112.256553288,45.4343,385.1
1113.577142857,48.6111,385.2
1114.811428571,37.5,385.3
1116.411428571,43.2325,385.4
1117.799274376,33.1695,385.5
1119.608163265,22.4085,385.6
1122.285714286,36.5308,386.1
1123.928163265,41.2921,386.2
1125.381224490,34.5503,386.3
1127.117823129,37.1087,386.4
1128.734693878,34.8672,386.5
1130.455510204,30.4726,386.6
1132.424489796,34.9335,387.1
1134.142040816,31.7358,387.2
1136.032653061,30.5233,387.3
1137.998367347,26.5919,387.4
1140.254693878,26.3252,387.5
1142.533877551,20.2145,387.6
1145.502040816,35.473,388.1
1147.193469388,45.4827,388.2
1148.512653061,44.8376,388.3
1149.850816327,45.2377,388.4
1151.177142857,47.4806,388.5
1152.440816327,47.9765,388.6
1153.691428571,43.6461,389.1
1155.066122449,46.2846,389.2
1156.362448980,32.4074,389.3
1158.213877551,42.4365,389.4
1159.627755102,36.2844,389.5
1161.281360544,25.9605,389.6
1163.592562358,3.69776,390.1
1179.818616780,97.8008,391.1
1180.432108844,104.009,391.2
1181.008979592,101.085,392.1
1181.602539683,105.954,392.2
1182.168820862,94.5,393.1
1182.803741497,99.6723,393.2
1183.405714286,103.166,394.1
1183.987301587,117.204,394.2
1184.499229025,143.992,395.1
1184.915918367,120.316,395.2
1185.414603175,111.853,396.1
1185.951020408,131.25,396.2
1186.408163265,125.427,397.1
1186.886530612,119.707,397.2
1187.387755102,121.287,398.1
1187.882448980,145.833,398.2
1188.293877551,100.136,399.1
1188.893061224,113.416,399.2
1189.422086168,134.138,400.1
1189.869387755,113.077,400.2
1190.400000000,105.908,401.1
1190.966530612,125,401.2
1191.446530612,111.702,402.1
1191.983673469,127.604,402.2
1192.453877551,123.322,403.1
1192.940408163,128.049,403.2
1193.408979592,108.398,404.1
1193.962494331,124.167,404.2
1194.445714286,133.636,405.1
1194.894693878,112.923,405.2
1195.426031746,123.923,406.1
1195.910204082,119.318,406.2
1196.413061224,132.194,407.1
1196.866938776,112.711,407.2
1197.399274376,128.074,408.1
1197.867755102,116.297,408.2
1198.383673469,128.497,409.1
1198.850612245,112.385,409.2
1199.384489796,118.167,410.1
1199.892244898,119.777,410.2
1200.393174603,131.165,411.1
1200.850612245,128.947,411.2
1201.315918367,128.049,412.1
1201.784489796,115.204,412.2
1202.305306122,125,413.1
1202.785306122,119.168,413.2
1203.288798186,122.75,414.1
1203.777596372,134.506,414.2
1204.223673469,131.57,415.1
1204.679705215,129.092,415.2
1205.144489796,125.564,416.1
1205.622335601,133.603,416.2
1206.071428571,114.397,417.1
1206.595918367,142.996,417.2
1207.015510204,119.707,418.1
1207.516734694,124.576,418.2
1207.998367347,119.615,419.1
1208.499977324,122.494,419.2
1208.989795918,127.273,420.1
1209.461224490,119.636,420.2
1209.962743764,129.029,421.1
1210.427755102,121.287,421.2
1210.922448980,151.235,422.1
1211.319183673,120.492,422.2
1211.817142857,122.093,423.1
1212.308571429,133.152,423.2
1212.759183673,123.116,424.1
1213.246530612,126.943,424.2
1213.719183673,125.367,425.1
1214.197777778,129.98,425.2
1214.659387755,129.801,426.1
1215.121632653,134.124,426.2
1215.568979592,131.25,427.1
1216.026122449,124.442,427.2
1216.508276644,129.382,428.1
1216.972018141,138.868,428.2
1217.404081633,140.267,429.1
1217.831836735,127.163,429.2
1218.303673469,127.163,430.1
1218.775510204,125,430.2
1219.255510204,130.783,431.1
1219.714285714,116.764,431.2
1220.228140590,125.743,432.1
1220.705306122,125.856,432.2
1221.182040816,115.931,433.1
1221.699591837,125.856,433.2
1222.176326531,126.724,434.1
1222.649795918,125,434.2
1223.129795918,124.576,435.1
1223.611428571,120.492,435.2
1224.109387755,122.5,436.1
1224.599183673,118.167,436.2
1225.106938776,124.576,437.1
1225.588571429,122.91,437.2
1226.076734694,116.297,438.1
1226.592653061,131.25,438.2
1227.049795918,127.163,439.1
1227.521632653,118.548,439.2
1228.027755102,122.91,440.1
1228.515918367,120.492,440.2
1229.013877551,125,441.1
1229.493877551,126.724,441.2
1229.967346939,100.962,442.1
1230.561632653,114.506,442.2
1231.085623583,108.389,443.1
1231.639183673,124.155,443.2
1232.122448980,114.486,444.1
1232.646530612,113.777,444.2
1233.173877551,125,445.1
1233.653877551,114.377,445.2
1234.178458050,136.223,446.1
1234.618911565,132.711,446.2
1235.071020408,111.027,447.1
1235.611428571,121.01,447.2
1236.107256236,116.924,448.1
1236.620408163,120.098,448.2
1237.120000000,124.155,449.1
1237.603265306,115.971,449.2
1238.120634921,124.109,450.1
1238.604081633,127.604,450.2
1239.074285714,128.947,451.1
1239.539591837,122.483,451.2
1240.029455782,105.616,452.1
1240.597551020,114.59,452.2
1241.121156463,111.542,453.1
1241.659070295,115.269,453.2
1242.179591837,118.167,454.1
1242.687346939,113.411,454.2
1243.216394558,122.927,455.1
1243.704489796,114.844,455.2
1244.226938776,122.07,456.1
1244.718458050,118.432,456.2
1245.225079365,121.516,457.1
1245.718843537,121.204,457.2
1246.213877551,114.844,458.1
1246.736326531,128.049,458.2
1247.204897959,123.737,459.1
1247.689795918,126.724,459.2
1248.163265306,119.318,460.1
1248.666122449,121.287,460.2
1249.160816327,127.604,461.1
1249.631020408,122.91,461.2
1250.119183673,119.318,462.1
1250.622040816,124.278,462.2
1251.104829932,120.377,463.1
1251.603265306,120.888,463.2
1252.099591837,119.307,464.1
1252.602494331,123.749,464.2
1253.087346939,121.689,465.1
1253.580408163,122.91,465.2
1254.068571429,122.46,466.1
1254.558526077,97.7646,466.2
1255.172244898,118.167,467.1
1255.680000000,121.043,467.2
1256.175691610,117.407,468.1
1256.686734694,135.421,468.2
1257.129795918,112.73,469.1
1257.662040816,123.737,469.2
1258.146938776,124.155,470.1
1258.630204082,128.947,470.2
1259.095510204,112.73,471.1
1259.627755102,122.5,471.2
1260.117551020,116.667,472.1
1260.631836735,122.687,472.2
1261.120884354,121.504,473.1
1261.614693878,115.566,473.2
1262.133877551,119.318,474.1
1262.636734694,125.427,474.2
1263.115102041,119.318,475.1
1263.617959184,127.604,475.2
1264.088163265,114.13,476.1
1264.613877551,118.932,476.2
1265.118367347,124.882,477.1
1265.598820862,123.853,477.2
1266.083265306,124.565,478.1
1266.564943311,121.198,478.2
1267.060000000,115.359,479.1
1267.580113379,60.5257,479.2
1268.571428571,120.712,480.1
1269.068480726,130.731,480.2
1269.527437642,115.189,481.1
1270.048321995,122.11,481.2
1270.539682540,116.461,482.1
1271.054875283,133.751,482.2
1271.503469388,122.631,483.1
1271.992743764,147,483.2
1272.400907029,135,484.1
1272.845351474,131.25,484.2
1273.302494331,123.07,485.1
1273.790022676,124.682,485.2
1274.271247166,129.859,486.1
1274.733287982,124.214,486.2
1275.216326531,125.284,487.1
1275.695238095,133.367,487.2
1276.145124717,122.048,488.1
1276.636734694,133.907,488.2
1277.084807256,127.703,489.1
1277.554648526,133.367,489.2
1278.004535147,124.906,490.1
1278.484897959,127.163,490.2
1278.956734694,117.038,491.1
1279.469387755,125.427,491.2
1279.947755102,123.322,492.1
1280.434285714,128.167,492.2
1280.902426304,115.536,493.1
1281.421746032,128.866,493.2
1281.887346939,134.124,494.1
1282.334693878,129.859,494.2
1282.796734694,121.986,495.1
1283.288594104,157.229,495.2
1283.670204082,102.997,496.1
1284.252743764,116.41,496.2
1284.768163265,142.711,497.1
1285.188594104,117.794,497.2
1285.697959184,128.049,498.1
1286.166530612,124.576,498.2
1286.648163265,127.163,499.1
1287.120000000,113.077,499.2
1287.650612245,106.522,500.1
1288.213877551,104.701,500.2
1288.786938776,109.752,501.1
1289.333628118,104.954,501.2
1289.905306122,103.23,502.1
1290.486530612,107.771,502.2
1291.043265306,113.426,503.1
1291.572244898,113.777,503.2
1292.099591837,120.076,504.1
1292.599274376,117.809,504.2
1293.108571429,119.902,505.1
1293.608979592,122.296,505.2
1294.099591837,164.063,506.1
1294.465306122,94.2308,506.2
1295.102040816,126.289,507.1
1295.577142857,109.375,507.2
1296.125714286,109.538,508.1
1296.673469388,122.619,508.2
1297.162789116,110.099,509.1
1297.707755102,126.724,509.2
1298.181224490,111.702,510.1
1298.718367347,124.155,510.2
1299.201632653,117.038,511.1
1299.714285714,122.91,511.2
1300.202448980,115.566,512.1
1300.721632653,88.3413,512.2
1301.400816327,82.9571,513.1
1302.124081633,126.724,513.2
1302.597551020,128.049,514.1
1303.066122449,125.427,514.2
1303.544489796,136.617,515.1
1303.983673469,130.783,515.2
1304.442448980,129.401,516.1
1304.906122449,127.604,516.2
1305.376326531,125.427,517.1
1305.854693878,124.576,517.2
1306.336326531,112.961,518.1
1306.867482993,73.9933,518.2
1307.678367347,54.9567,519.1
1308.770136054,50.8768,519.2
1309.949455782,38.5147,520.1
1311.507301587,37.5852,520.2
1313.103673469,30.3886,521.1
1315.078095238,32.7804,521.2
1316.908458050,30.2968,522.1
1318.888866213,12.2477,522.2
1323.787755102,51.1838,523.1
1324.960000000,62.2881,523.2
1325.923265306,67.3077,524.1
1326.814693878,73.2072,524.2
1327.634285714,77.2059,525.1
1328.411428571,73.8281,525.2
1329.224126984,81.1856,526.1
1329.963174603,79.0134,526.2
1330.722539683,80.4793,527.1
1331.468072562,90.7096,527.2
1332.129523810,85.2888,528.1
1332.833015873,69.8964,528.2
1333.691428571,82.0313,529.1
1334.422857143,79.4428,529.2
1335.178117914,62.0704,530.1
1336.144761905,51.1364,530.2
1337.318095238,71.3746,531.1
1338.158730159,82.8947,531.2
1338.882539683,71.5909,532.1
1339.720634921,75.4792,532.2
1340.515555556,76.3526,533.1
1341.301383220,85.1105,533.2
1342.006349206,72.6923,534.1
1342.831746032,84.6774,534.2
1343.540317460,79.7589,535.1
1344.292585034,80.7446,535.2
1345.035668934,76.4055,536.1
1345.820952381,76.1724,536.2
1346.608639456,78.5303,537.1
1347.372675737,69.2362,537.2
1348.239274376,71.3246,538.1
1349.080498866,76.8159,538.2
1349.861587302,87.6769,539.1
1350.545918367,79.2952,539.2
1351.302585034,67.0009,540.1
1352.198095238,68.8775,540.2
1353.069206349,84.375,541.1
1353.780317460,71.4691,541.2
1354.619841270,51.088,542.1
1355.794285714,62.8324,542.2
1356.749206349,67.5,543.1
1357.638095238,78.2285,543.2
1358.405079365,76.4563,544.1
1359.189841270,71.8826,544.2
1360.024535147,83.6759,545.1
1360.741587302,79.8142,545.2
1361.493333333,75.7212,546.1
1362.285714286,70.3854,546.2
1363.138163265,81.3103,547.1
1363.876077098,77.5112,547.2
1364.650158730,71.9589,548.1
1365.483968254,70.378,548.2
1366.336507937,79.8142,549.1
1367.088253968,60.2679,549.2
1368.083809524,45.979,550.1
1369.388752834,49.823,550.2
1370.593015873,63.6792,551.1
1371.535238095,74.0368,551.2
1372.345646259,79.8407,552.1
1373.097142857,78.2285,552.2
1373.864126984,75.4792,553.1
1374.659047619,75.2538,553.2
1375.456349206,72.4277,554.1
1376.284761905,64.5712,554.2
1377.213968254,67.3077,555.1
1378.105396825,65.2624,555.2
1379.024761905,70.4998,556.1
1379.875827664,65.2818,556.2
1380.794920635,71.1596,557.1
1381.638095238,67.8879,557.2
1382.521904762,70.1039,558.1
1383.377777778,74.5268,558.2
1384.182857143,73.3696,559.1
1385.000634921,69.4215,559.2
1385.864920635,75.3138,560.1
1386.661587302,69.9168,560.2
1387.519750567,67.2889,561.1
1388.411428571,70.3125,561.2
1389.264761905,65.625,562.1
1390.179047619,61.0465,562.2
1391.161904762,69.4853,563.1
1392.025396825,72.4693,563.2
1392.853333333,72.0274,564.1
1393.686349206,72.3148,564.2
1394.516054422,71.7423,565.1
1395.352380952,72.6444,565.2
1396.178321995,76.7713,566.1
1396.959863946,74.2799,566.2
1397.767619048,74.0596,567.1
1398.577777778,69.4106,567.2
1399.442199546,69.9722,568.1
1400.299682540,68.4783,568.2
1401.175873016,69.8743,569.1
1402.034557823,63.8698,569.2
1402.973968254,68.4783,570.1
1403.850158730,60.5132,570.2
1404.841678005,80.1964,571.1
1405.589841270,73.8055,571.2
1406.402789116,67.006,572.1
1407.298231293,68.8131,572.2
1408.170158730,78.4884,573.1
1408.934603175,76.9544,573.2
1409.714285714,71.3592,574.1
1410.555102041,63.8637,574.2
1411.494603175,60.2679,575.1
1412.490158730,59.9619,575.2
1413.490793651,62.6658,576.1
1414.448253968,67.0179,576.2
1415.343537415,69.8743,577.1
1416.202222222,66.2925,577.2
1417.107301587,66.6616,578.1
1418.007369615,77.0552,578.2
1418.786031746,77.1114,579.1
1419.564126984,77.8029,579.2
1420.335306122,69.6958,580.1
1421.196190476,69.6903,580.2
1422.057142857,71.9648,581.1
1422.890884354,71.4363,581.2
1423.730793651,68.6773,582.1
1424.604444444,51.2473,582.2
1425.775238095,49.9471,583.1
1426.976507937,65.8078,583.2
1427.888253968,58.9822,584.1
1428.905510204,64.119,584.2
1429.841269841,67.6934,585.1
1430.727619048,55.9834,585.2
1431.799365079,60.422,586.1
1432.792380952,66.9263,586.2
1433.688888889,70.3125,587.1
1434.542222222,67.1165,587.2
1435.436190476,70.7487,588.1
1436.284263039,69.8817,588.2
1437.142857143,74.2591,589.1
1437.950839002,71.1903,589.2
1438.793650794,71.3823,590.1
1439.634195011,71.8007,590.2
1440.469841270,76.649,591.1
1441.252630385,73.6493,591.2
1442.067301587,68.8775,592.1
1442.938412698,71.1596,592.2
1443.781587302,67.8879,593.1
1444.665396825,63.8514,593.2
1445.605079365,52.2677,594.1
1446.753015873,44.4915,594.2
1448.101587302,595.1