2.644564898,8.13533,1.1
10.019802993,94.3921,2.1
10.655449252,92.725,2.2
11.302524082,91.9516,3.1
11.955041088,96.8805,3.2
12.574360816,90.8155,4.1
13.235041088,96.1203,4.2
13.859258776,98.3497,5.1
14.469326803,109.592,5.2
15.016809796,110.915,6.1
15.557762177,99.9547,6.2
16.158034286,100.869,7.1
16.752864218,115.048,7.2
17.274383492,111.962,8.1
17.810279184,94.7402,8.2
18.443589841,96.6011,9.1
19.064700952,103.327,9.2
19.645381224,94.3114,2.1
20.281571701,101.707,2.2
20.871503673,97.0511,3.1
21.489734966,101.989,3.2
22.078034286,93.8298,4.1
22.717490068,99.2349,4.2
23.322115918,98.7019,5.1
23.930007075,115.324,5.2
24.450279184,109.05,6.1
25.000483265,105.301,6.2
25.570279184,108.301,7.1
26.124292789,112.845,7.2
26.655993469,119.318,8.1
27.158850612,100.962,8.2
27.753136327,105.033,9.1
28.324383492,107.877,9.2
28.880573968,116.379,10.1
29.396129524,120.624,10.2
29.893544490,98.029,11.1
30.505607982,90.0245,11.2
31.172093243,93.8797,12.1
31.811208889,80.3401,12.2
32.558034286,42.663,13.1
33.964406168,49.6594,13.2
35.172637460,103.392,14.1
35.752954921,105,14.2
36.324383492,110.291,15.1
36.868397098,111.023,15.2
37.408827937,105,16.1
37.980256508,99.6835,16.2
38.582161270,91.5698,17.1
39.237399365,106.831,17.2
39.799032018,114.729,10.1
40.322002540,130.789,10.2
40.780755374,93.6372,11.1
41.421526349,79.5478,11.2
42.175789388,96.654,12.1
42.796560363,67.9699,12.2
43.679304127,50.8895,13.1
44.858329070,40.844,13.2
46.327331338,103.895,14.1
46.904837007,93.0314,14.2
47.549780317,106.419,15.1
48.113589841,114.684,15.2
48.636764444,101.887,16.1
49.225653333,96.7742,16.2
49.845653333,94.8319,18.1
50.478351746,89.2111,18.2
51.150914104,106.393,19.1
51.714859683,105.448,19.2
52.283861950,112.524,20.1
52.817081905,107.877,20.2
53.373272381,113.582,21.1
53.901526349,112.5,21.2
54.434859683,111.439,22.1
54.973272381,116.379,22.2
55.488827937,110.397,23.1
56.032320000,108.871,23.2
56.583431111,116.955,24.1
57.096446984,113.582,24.2
57.624700952,115.244,25.1
58.145335873,113.387,25.2
58.674496871,108.053,26.1
59.229780317,114.13,26.2
59.755494603,111.967,19.1
60.291367619,117.537,19.2
60.801843810,114.13,20.1
61.327558095,114.684,20.2
61.850732698,112.5,21.1
62.384066032,113.038,21.2
62.914859683,113.038,22.1
63.445653333,115.809,22.2
63.963748571,113.582,23.1
64.492002540,108.871,23.2
65.043113651,108.929,24.1
65.593929977,112.976,24.2
66.125018413,110.915,25.1
66.665970794,111.439,25.2
67.204383492,110.062,26.1
67.749530884,115.611,26.2
68.268510476,112.5,27.1
68.801843810,111.967,27.2
69.337716825,102.909,28.1
69.920755374,104.8,28.2
70.493272381,106.831,29.1
71.054905034,81.3053,29.2
71.792864218,19.2745,30.1
74.905789388,26.9428,30.2
77.132728163,116.79,31.1
77.646469660,114.844,31.2
78.168918639,114.367,32.1
78.693544490,123.599,32.2
79.178986667,115.809,33.1
79.697081905,106.01,33.2
80.263068299,112.961,34.1
80.794224762,119.48,34.2
81.296401633,116.528,27.1
81.811299592,115.134,27.2
82.332433379,104.647,28.1
82.905789388,113.043,28.2
83.436560363,102.016,29.1
84.024700952,80.8284,29.2
84.767013878,18.6422,30.1
87.985517279,23.5476,30.2
90.533544490,110.915,31.1
91.074496871,114.446,31.2
91.598759909,116.873,32.1
92.112138594,116.873,32.2
92.625517279,118.975,33.1
93.129825669,107.039,33.2
93.690369887,109.884,34.1
94.236401633,123.414,34.2
94.722569433,115.647,35.1
95.241390295,118.448,35.2
95.747943583,113.363,36.1
96.277217959,113.66,36.2
96.805109116,123.414,37.1
97.291276916,124.342,37.2
97.773816599,123.161,38.1
98.260982132,119.383,38.2
98.763567166,121.421,39.1
99.257716825,121.599,39.2
99.751140862,120.273,40.1
100.250007075,125.76,40.2
100.727104580,120.464,41.1
101.225177143,123.305,41.2
101.711775782,126.433,42.1
102.186333605,120.36,42.2
102.684837007,123.599,35.1
103.170279184,116.832,35.2
103.683839274,126.385,36.1
104.158578503,123.587,36.2
104.644066032,123.058,37.1
105.131639728,119.324,37.2
105.634474195,125.278,38.1
106.113408435,127.016,38.2
106.585789388,117.287,39.1
107.097354014,125.284,39.2
107.576265578,118.294,40.1
108.083476463,132.512,40.2
108.536265578,123.599,41.1
109.021707755,120.888,41.2
109.518034286,121.599,42.1
110.011458322,118.548,42.2
110.517580771,125.284,43.1
110.996492336,111.364,43.2
111.535267846,112.5,44.1
112.068601179,103.037,44.2
112.650914104,101.147,45.1
113.244111383,70.5224,45.2
114.094905034,20.8281,46.1
116.975630658,31.6205,46.2
118.873136327,111.364,47.1
119.411911837,118.125,47.2
119.919848345,114.844,48.1
120.442297324,126.24,48.2
120.917580771,124.342,49.1
121.400120454,121.599,49.2
121.893544490,116.873,50.1
122.406923175,112.5,50.2
122.940256508,130.731,43.1
123.399213424,110.99,43.2
123.939802993,109.158,44.1
124.489462857,97.855,44.2
125.102614785,101.457,45.1
125.693998005,62.0544,45.2
126.660891429,20.8189,46.1
129.542886893,29.3091,46.2
131.590029751,116.129,47.1
132.106696417,121.154,47.2
132.601934512,114.347,48.1
133.126651066,135.692,48.2
133.568827937,115.854,49.1
134.086719093,113.47,49.2
134.615494603,110.559,50.1
135.158193016,112.797,50.2
135.690120454,125.456,51.1
136.168374422,104.996,51.2
136.739825669,106.698,52.1
137.302161270,123.876,52.2
137.786515011,124.811,53.1
138.267240635,106.35,53.2
138.831412971,110.117,54.1
139.376288254,127.561,54.2
139.846651066,108.478,55.1
140.399757642,105.933,55.2
140.966152200,117.61,56.1
141.476310930,110.167,56.2
142.020936780,118.22,57.1
142.528465125,123.876,57.2
143.012818866,115.294,58.1
143.533227029,104.958,58.2
144.104882358,113.009,51.1
144.635812063,98.8088,51.2
145.243045624,106.073,52.1
145.808691882,115.43,52.2
146.328487800,117.815,53.1
146.837762177,109.761,53.2
147.384406168,113.65,54.1
147.912342676,112.706,54.2
148.444700952,105.108,55.1
149.015539955,107.33,55.2
149.574564898,112.682,56.1
150.107036553,116.992,56.2
150.619893696,111.953,57.1
151.155834739,115.289,57.2
151.676265578,115.576,58.1
152.195403900,104.305,58.2
152.770641995,108.018,59.1
153.326106848,126.132,59.2
153.801798458,91.8941,60.1
154.454723628,94.0566,60.2
155.092637460,110.25,61.1
155.636855147,91.0185,61.2
156.296061497,67.9455,62.1
157.179122721,50.164,62.2
158.375199819,110.439,63.1
158.918487800,106.922,63.2
159.479644263,106.291,64.1
160.044134059,117.757,64.2
160.553657868,106.565,65.1
161.116696417,112.28,65.2
161.651072834,104.128,66.1
162.227285986,100.831,66.2
162.822342676,115.244,59.1
163.342977596,122.048,59.2
163.834587574,99.3728,60.1
164.438374422,92.6049,60.2
165.086288254,101.769,61.1
165.675857415,82.4813,61.2
166.403295057,64.1361,62.1
167.338805261,59.8426,62.2
168.341435646,108.907,63.1
168.892365351,100.869,63.2
169.487195283,104.009,64.1
170.064066032,107.679,64.2
170.621276916,112.562,65.1
171.154315465,106.633,65.2
171.716991202,91.1597,67.1
172.375177143,104.009,67.2
172.952047891,89.3919,68.1
173.623249705,100.977,68.2
174.217444717,97.6708,69.1
174.831753107,106.073,69.2
175.397399365,97.8478,70.1
176.010596644,97.5844,70.2
176.625449252,103.671,71.1
177.204202086,99.4512,71.2
177.807512744,105.528,72.1
178.376084172,99.6235,72.2
178.978351746,107.386,73.1
179.537081905,100.501,73.2
180.134088707,110.287,74.1
180.678124989,105,74.2
181.249553560,109.046,75.1
181.799780317,89.0819,75.2
182.473317732,102.705,68.1
183.057512744,98,68.2
183.669757642,95.589,69.1
184.297444717,99.0121,69.2
184.903431111,101.848,70.1
185.492546757,95.427,70.2
186.121299592,95.7689,71.1
186.747807528,102.646,71.2
187.332342676,102.419,72.1
187.918170340,102.233,72.2
188.505063764,106.957,73.1
189.066038821,109.824,73.2
189.612365351,107.33,74.1
190.171390295,99.0751,74.2
190.776991202,110.619,76.1
191.319394830,97.2794,76.2
191.936174875,109.52,77.1
192.484020680,106.35,77.2
193.048193016,91.1157,78.1
193.706696417,107.039,78.2
194.267240635,111.953,79.1
194.803181678,78.5023,79.2
195.567490068,62.4985,80.1
196.527512744,61.5893,80.2
197.501707755,96.7105,81.1
198.122115918,91.6205,81.2
198.776991202,94.5,82.1
199.411911837,91.5476,82.2
200.067308662,106.107,83.1
200.632773515,106.35,83.2
201.196945850,89.163,84.1
201.869871020,102.989,84.2
202.452456054,103.716,77.1
203.030959456,104.009,77.2
203.607830204,86.9765,78.1
204.297671474,93.7699,78.2
204.937535420,105.671,79.1
205.505335873,66.8182,79.2
206.403295057,52.1914,80.1
207.552909569,72.3307,80.2
208.382433379,92.3883,81.1
209.031866485,92.3883,81.2
209.681299592,96.4286,82.1
210.303521814,95.427,82.2
210.932274649,102.273,83.1
211.518941315,100.227,83.2
212.117580771,83.9281,84.1
212.832478730,57.4306,84.2
213.877217959,104.009,85.1
214.454088707,110.99,85.2
214.994678277,111.364,86.1
215.533453787,106.694,86.2
216.095812063,110.874,87.1
216.636968526,118.681,87.2
217.142524082,109.52,88.1
217.690369887,100.838,88.2
218.285381224,117.287,89.1
218.796945850,112.119,89.2
219.332093243,109.884,90.1
219.878124989,109.783,90.2
220.424655601,107.697,91.1
220.981775782,114.204,91.2
221.507149932,113.66,92.1
222.035041088,86.811,92.2
222.726197551,104.009,85.1
223.303068299,110.99,85.2
223.843657868,111.74,86.1
224.380619320,105.671,86.2
224.948419773,107.386,87.1
225.507149932,110.99,87.2
226.047739501,109.52,88.1
226.595585306,111.364,88.2
227.134360816,107.217,89.1
227.693975329,117.168,89.2
228.206061497,107.657,90.1
228.763385760,105.671,90.2
229.331186213,110.619,91.1
229.873589841,108.088,91.2
230.428691882,109.606,92.1
230.976106848,108.004,92.2
231.531639728,116.873,93.1
232.045018413,113.271,93.2
232.574723628,104.009,94.1
233.151594376,116.873,94.2
233.664973061,116.053,95.1
234.181979864,92.1309,95.2
234.833227029,68.519,96.1
235.708895964,43.5606,96.2
237.086288254,114.844,97.1
237.608737234,106.01,97.2
238.174723628,110.99,98.1
238.715313197,105.334,98.2
239.284927710,112.5,99.1
239.818261043,110.337,99.2
240.362047891,101.046,100.1
240.955834739,103.388,100.2
241.536174875,112.918,93.1
242.067535420,116.837,93.2
242.581072834,106.694,94.1
243.143431111,114.446,94.2
243.667694150,112.884,95.1
244.199213424,89.1509,95.2
244.872229297,48.7212,96.1
246.103725896,70.5017,96.2
246.954768980,107.978,97.1
247.510437914,103.785,97.2
248.088555828,110.619,98.1
248.630959456,112.884,98.2
249.162478730,110.241,99.1
249.706741769,110.628,99.2
250.249100045,95.2312,100.1
250.879145397,88.2736,100.2
251.558850612,98.7313,101.1
252.166560363,100.532,101.2
252.763385760,94.2308,102.1
253.400120454,98.9973,102.2
254.006197551,105.705,103.1
254.573816599,102.083,103.2
255.161571701,100.838,104.1
255.756583039,102.083,104.2
256.344338141,107.736,105.1
256.901254240,98.4375,105.2
257.510778050,97.2794,106.1
258.127558095,99.0269,106.2
258.733453787,99.0269,107.1
259.339349478,100.838,107.2
259.934360816,100.532,108.1
260.531186213,89.8777,108.2
261.198759909,92.9922,101.1
261.843975329,100.079,101.2
262.443499138,94.5709,102.1
263.077943583,96.9657,102.2
263.696719093,94.3147,103.1
264.332886893,109.52,103.2
264.880732698,96.3408,104.1
265.503521814,100.532,104.2
266.100347211,104.738,105.1
266.673204354,96.9337,105.2
267.292183946,94.2677,106.1
267.928669206,104.292,106.2
268.503975329,103.797,107.1
269.082025215,94.9136,107.2
269.714179410,99.661,108.1
270.316220227,92.1309,108.2
270.967467392,98.4375,109.1
271.576991202,102.717,109.2
272.161118186,91.3674,110.1
272.817807528,95.8696,110.2
273.443657868,91.1157,111.1
274.102161270,93.169,111.2
274.746152200,17.4907,112.1
278.176537687,10.8478,112.2
283.707603447,84.8077,113.1
284.415086440,108.088,113.2
284.970188481,97.2794,114.1
285.586968526,108.443,114.2
286.140256508,100.227,115.1
286.738895964,97.2044,115.2
287.356152200,105.088,116.1
287.927104580,92.9073,116.2
288.572909569,98.8789,109.1
289.179712290,100.685,109.2
289.775630658,82.0363,110.1
290.507013878,104.726,110.2
291.079939048,104.338,111.1
291.654995737,97.855,111.2
292.268147664,16.3092,112.1
295.947059229,10.3295,112.2
301.755676009,94.6995,113.1
302.389258776,103.618,113.2
302.968306395,100.368,114.1
303.566106848,102.961,114.2
304.148850612,101.938,115.1
304.737444717,103.263,115.2
305.318487800,108.443,116.1
305.871775782,50.1136,116.2
307.069054694,95.8696,117.1
307.694905034,101.769,117.2
308.284474195,92.4819,118.1
308.933249705,102.308,118.2
309.519712290,99.0047,119.1
310.125744036,103.359,119.2
310.706242902,101.457,120.1
311.297626122,100.36,120.2
311.895471927,104.854,121.1
312.467694150,106.694,121.2
313.030052426,103.359,122.1
313.610551293,112.119,122.2
314.145698685,109.158,123.1
314.695358549,108.443,123.2
315.248646531,114.052,124.1
315.774723628,110.619,124.2
316.317127256,99.9245,117.1
316.917580771,106.694,117.2
317.479939048,98.2912,118.1
318.090369887,101.325,118.2
318.682524082,108.773,119.1
319.234134059,105,119.2
319.805562630,102.142,120.1
320.392977596,104.276,120.2
320.968374422,105.671,121.1
321.536174875,102.522,121.2
322.121412971,109.019,122.1
322.671775782,106.952,122.2
323.232773515,103.44,123.1
323.812818866,116.862,123.2
324.326242902,106.359,124.1
324.890369887,105.671,124.2
325.458170340,93.4322,125.1
326.100347211,104.009,125.2
326.677217959,99.0269,126.1
327.283113651,107.386,126.2
327.841843810,106.01,127.1
328.407830204,91.1157,127.2
329.066333605,49.4515,128.1
330.279644263,50.1773,128.2
331.475403900,99.9245,129.1
332.075857415,108.088,129.2
332.630959456,106.694,130.1
333.193317732,109.158,130.2
333.742977596,105,131.1
334.314406168,114.844,131.2
334.836855147,96.1483,132.1
335.460891429,89.6341,132.2
336.130279184,100.227,125.1
336.728918639,113.271,125.2
337.258623855,102.399,126.1
337.844564898,113.66,126.2
338.372456054,112.5,127.1
338.905789388,104.338,127.2
339.480846077,77.6522,128.1
340.253521814,37.1186,128.2
341.869961723,100.227,129.1
342.468601179,107.039,129.2
343.029145397,106.01,130.1
343.595131791,110.99,130.2
344.135721361,105.671,131.1
344.703521814,110.99,131.2
345.244111383,85.4651,132.1
345.946152200,32.8777,132.2
347.771095510,104.829,133.1
348.343453787,110.809,133.2
348.884927710,112.242,134.1
349.419485533,115.114,134.2
349.940710023,107.039,135.1
350.501254240,110.948,135.2
351.042047891,111.991,136.1
351.577807528,119.599,136.2
352.079485533,111.364,137.1
352.618261043,108.889,137.2
353.169281451,108.898,138.1
353.720256508,128.434,138.2
354.187422041,120.712,139.1
354.684474195,117.705,139.2
355.194224762,113.718,140.1
355.721843810,117.642,140.2
356.231866485,111.74,133.1
356.768827937,117.287,133.2
357.280392562,119.913,134.1
357.780755374,123.795,134.2
358.265426576,109.158,135.1
358.815086440,110.915,135.2
359.356038821,114.13,136.1
359.881753107,124.811,136.2
360.362478730,107.039,137.1
360.923022948,113.728,137.2
361.450596644,116.801,138.1
361.964292789,112.884,138.2
362.495812063,121.599,139.1
362.989236100,114.052,139.2
363.515313197,115.244,141.1
364.035948118,115.647,141.2
364.554768980,115.244,142.1
365.075403900,105.709,142.2
365.643000272,126.259,143.1
366.118215692,123.807,143.2
366.602841542,116.053,144.1
367.119848345,105,144.2
367.691276916,81.7954,145.1
368.424814331,39.392,145.2
369.947966259,109.52,146.1
370.495812063,121.599,146.2
370.989236100,118.125,147.1
371.497172608,125.439,147.2
371.975494603,115.516,148.1
372.494905034,112.1,148.2
373.030143129,121.176,149.1
373.525290522,117.705,149.2
374.035041088,113.66,142.1
374.562932245,111.364,142.2
375.101707755,125.76,143.1
375.578805261,117.287,143.2
376.090369887,111.364,144.1
376.629145397,104.668,144.2
377.202388027,65.2286,145.1
378.122229297,48.3597,145.2
379.362932245,104.181,146.1
379.938850612,122.262,146.2
380.429598912,123.524,147.1
380.915335873,112.62,147.2
381.448102313,126.943,148.1
381.920755374,116.764,148.2
382.434610249,88.4979,150.1
383.112592109,21.1612,150.2
385.947966259,87.5,151.1
386.633680544,87.9654,151.2
387.315766712,99.7587,152.1
387.917217959,92.79,152.2
388.563839274,96.9941,153.1
389.182433379,92.1309,153.2
389.833680544,96.1483,154.1
390.457716825,89.6129,154.2
391.127263311,92.9301,155.1
391.772909569,91.875,155.2
392.425970794,92.8486,156.1
393.072183946,83.8749,156.2
393.787535420,96.3057,157.1
394.410551293,90.7906,157.2
395.071412971,74.043,158.1
395.881753107,63.9749,158.2
396.819621587,84.9275,151.1
397.526106848,91.3958,151.2
398.182592109,100.585,152.1
398.779100045,89.7679,152.2
399.447490068,90.2733,153.1
400.112138594,93.9631,153.2
400.750687347,101.457,154.1
401.342070567,90.3473,154.2
402.006174875,98.4631,155.1
402.615539955,92.686,155.2
403.262886893,93.6571,156.1
403.903521814,88.0738,156.2
404.584768980,95.8626,157.1
405.210664671,85.1488,157.2
405.915313197,76.7401,158.1
406.697172608,80.4744,158.2
407.442750839,88.4358,159.1
408.121208889,92.0572,159.2
408.772977596,95.0704,160.1
409.404088707,97.0475,160.2
410.022342676,98.7092,161.1
410.630188481,89.7497,161.2
411.298714558,53.3124,162.1
412.424156735,29.9721,162.2
414.426016145,87.3902,163.1
415.112592109,99.6235,163.2
415.714859683,85.5065,164.1
416.416560363,96.9408,164.2
417.035494603,98.1454,165.1
417.646832472,90.3689,165.2
418.310778050,87.0395,166.1
419.000120454,94.7708,166.2
419.633227029,93.9631,159.1
420.271775782,97.855,159.2
420.884927710,89.8777,160.1
421.552501406,98.7313,160.2
422.160211156,95.5925,161.1
422.787875556,90.0919,161.2
423.453861950,54.7713,162.1
424.549326803,28.7506,162.2
426.636242902,86.4762,163.1
427.330075102,103.001,163.2
427.912592109,91.3296,164.1
428.569553560,91.8654,164.2
429.222682812,99.7098,165.1
429.824428844,82.6668,165.2
430.550233832,76.2097,166.1
431.337535420,32.7934,166.2
433.167172608,103.549,167.1
433.746605714,106.01,167.2
434.312592109,111.693,168.1
434.849780317,100.954,168.2
435.444111383,106.188,169.1
436.009145397,117.381,169.2
436.520301859,112.884,170.1
437.051821134,109.52,170.2
437.599666939,110.99,171.1
438.140256508,113.66,171.2
438.668147664,110.99,172.1
439.208737234,113.66,172.2
439.736628390,112.884,173.1
440.268147664,105.658,173.2
440.836016145,111.378,174.1
441.374723628,93.4124,174.2
442.017036553,114.476,167.1
442.541163537,114.052,167.2
443.067240635,107.386,168.1
443.625970794,106.01,168.2
444.191957188,113.66,169.1
444.719848345,115.647,169.2
445.238669206,117.705,170.1
445.748419773,118.125,170.2
446.256356281,110.99,171.1
446.796945850,116.053,171.2
447.313952653,112.884,172.1
447.845471927,114.185,172.2
448.370936780,109.624,173.1
448.918261043,113.029,173.2
449.449100045,114.407,174.1
449.973544490,90.6413,174.2
450.635494603,118.548,175.1
451.141617052,117.287,175.2
451.653181678,118.125,176.1
452.161118186,116.873,176.2
452.674496871,120.712,177.1
453.171549025,117.705,177.2
453.681299592,87.7321,178.1
454.365199819,31.3507,178.2
456.279032018,107.6,179.1
456.836651066,109.52,179.2
457.384496871,108.19,180.1
457.939077370,109.943,180.2
458.484814331,116.513,181.1
458.999780317,112.812,181.2
459.531639728,109.158,182.1
460.081299592,87.7321,182.2
460.765199819,116.053,183.1
461.282206621,113.271,183.2
461.811911837,121.599,184.1
462.305335873,118.125,184.2
462.813272381,116.873,185.1
463.326651066,119.837,185.2
463.827331338,85.6865,186.1
464.527558095,28.6612,186.2
466.620982132,107.872,187.1
467.177195283,109.742,187.2
467.723929977,113.66,188.1
468.251821134,102.717,188.2
468.835948118,115.244,189.1
469.356583039,115.244,189.2
469.877217959,123.876,190.1
470.361571701,134.451,190.2
470.807830204,103.712,191.1
471.386356281,106.612,191.2
471.949145397,111.046,192.1
472.489462857,110.25,192.2
473.033680544,110.25,193.1
473.577898231,108.799,193.2
474.129372154,118.49,194.1
474.635744036,112.836,194.2
475.167490068,106.21,195.1
475.732410703,102.233,195.2
476.319304127,109.957,196.1
476.864973061,117.08,196.2
477.377444717,116.149,197.1
477.894020680,130.997,197.2
478.352047891,102.638,198.1
478.936628390,106.01,198.2
479.502614785,104.668,199.1
480.075857415,105.179,199.2
480.646310930,111.537,192.1
481.184247438,110.25,192.2
481.728465125,109.447,193.1
482.276673741,104.206,193.2
482.852456054,115.875,194.1
483.370256508,112.898,194.2
483.901707755,106.694,195.1
484.464066032,102.61,195.2
485.048805261,109.998,196.1
485.594270113,110.6,196.2
486.136764444,121.343,197.1
486.631231565,129.528,197.2
487.094451519,109.158,200.1
487.644111383,104.009,200.2
488.220982132,110.619,201.1
488.763385760,109.321,201.2
489.312229297,102.257,202.1
489.898986667,109.884,202.2
490.445018413,114.052,203.1
490.971095510,108.443,203.2
491.524383492,76.7223,204.1
492.306424308,23.2781,204.2
494.883952653,108.795,205.1
495.435449252,105.372,205.2
496.004859683,108.75,206.1
496.556583039,113.271,206.2
497.086288254,108.545,207.1
497.639054694,115.531,207.2
498.158397098,107.736,208.1
498.715313197,103.915,208.2
499.292705488,106.432,201.1
499.856446984,107.404,201.2
500.415086440,101.147,202.1
501.008283719,109.158,202.2
501.557943583,112.5,203.1
502.091276916,101.652,203.2
502.681526349,68.3898,204.1
503.558850612,22.0647,204.2
506.278124989,104.338,205.1
506.853181678,104.867,205.2
507.425335873,108.23,206.1
507.979712290,109.511,206.2
508.527603447,104.108,207.1
509.103929977,104.577,207.2
509.677671474,89.8777,208.1
510.345245170,19.7463,208.2
513.383793923,55.217,209.1
514.470415238,82.2761,209.2
515.199666939,92.3883,210.1
515.849100045,98.4375,210.2
516.458623855,89.3496,211.1
517.130143129,74.5226,211.2
517.935267846,73.1748,212.1
518.755222494,67.7766,212.2
519.640483265,95.317,213.1
520.269961723,96.7105,213.2
520.890369887,81.2654,214.1
521.628691882,112.884,214.2
522.160211156,96.1483,215.1
522.784247438,71.4363,215.2
523.624156735,66.018,216.1
524.533000272,70.6731,216.2
525.381979864,68.0556,209.1
526.263612517,79.1268,209.2
527.021889161,90.9466,210.1
527.681617052,101.046,210.2
528.275403900,87.5,211.1
528.961118186,73.6637,211.2
529.775630658,74.6614,212.1
530.579258776,72.2162,212.2
531.410097778,95.0431,213.1
532.041390295,101.769,213.2
532.630959456,95.3101,214.1
533.260483265,95.8765,214.2
533.886288254,90.3689,215.1
534.550233832,73.5,215.2
535.366560363,87.7321,217.1
536.050460590,106.01,217.2
536.616446984,65.1083,218.1
537.537988934,84.5908,218.2
538.247285986,93.9631,219.1
538.885834739,108.443,219.2
539.439122721,70.5224,220.1
540.289916372,78.75,220.2
541.051821134,36.2664,221.1
542.706242902,23.0167,221.2
545.313045624,74.6614,222.1
546.116673741,89.8777,222.2
546.784247438,83.3123,223.1
547.504428844,85.9091,223.2
548.202841542,93.4322,224.1
548.845018413,71.7462,224.2
549.681299592,70.4604,225.1
550.532841542,87.5956,225.2
551.217807528,77.459,226.1
551.992410703,88.6729,226.2
552.669054694,81.8688,219.1
553.401934512,116.873,219.2
553.915313197,73.5,220.1
554.731639728,78.335,220.2
555.497580771,41.1496,221.1
556.955676009,29.1924,221.2
559.011004807,71.5909,222.1
559.849100045,90.6164,222.2
560.511231565,76.2097,223.1
561.298533152,87.9654,223.2
561.980619320,86.6093,224.1
562.673385760,73.8673,224.2
563.485653333,46.6667,227.1
564.771367619,28.1927,227.2
566.899576236,92.6925,228.1
567.546877823,104.8,228.2
568.119394830,117.788,229.1
568.628782585,107.247,229.2
569.188238367,115.809,230.1
569.706333605,114.844,230.2
570.228782585,114.367,231.1
570.753408435,110.167,231.2
571.298034286,103.537,232.1
571.877535420,97.3582,232.2
572.493816599,122.065,233.1
572.985358549,108.278,233.2
573.539485533,105.544,234.1
574.107966259,111.139,234.2
574.647830204,105.946,235.1
575.214156735,102.142,235.2
575.801571701,87.5,236.1
576.487285986,109.811,236.2
577.033680544,114.471,229.1
577.557830204,109.407,229.2
578.106242902,113.45,230.1
578.635109116,110.099,230.2
579.180075102,117.287,231.1
579.691639728,109.511,231.2
580.239530884,103.214,232.1
580.820846077,111.919,232.2
581.356945850,112.596,233.1
581.889825669,112.214,233.2
582.424519546,109.122,234.1
582.974360816,106.831,234.2
583.535993469,107.815,237.1
584.092501406,120.174,237.2
584.591775782,109.375,238.1
585.140347211,100.593,238.2
585.736809796,116.297,239.1
586.252728163,123.599,239.2
586.738170340,103.57,240.1
587.317490068,104.971,240.2
587.889077370,106.775,241.1
588.451004807,33.9788,241.2
590.216809796,110.915,242.1
590.757762177,119.06,242.2
591.261707755,116.79,243.1
591.775449252,114.844,243.2
592.297898231,108.943,244.1
592.848646531,116.297,244.2
593.364564898,104.8,245.1
593.937081905,122.955,245.2
594.425063764,104.668,246.1
594.998306395,102.717,246.2
595.582433379,114.844,239.1
596.104882358,116.053,239.2
596.621889161,102.435,240.1
597.207626122,102.682,240.2
597.791957188,100.532,241.1
598.388782585,32.0494,241.2
600.260891429,111.364,242.1
600.799666939,114.259,242.2
601.324791655,117.485,243.1
601.835494603,122.048,243.2
602.327104580,105,244.1
602.898533152,105.671,244.2
603.466333605,95.317,247.1
604.095812063,21.1612,247.2
606.931186213,107.736,248.1
607.488102313,112.5,248.2
608.021435646,120.712,249.1
608.518487800,115.647,249.2
609.037308662,110.619,250.1
609.579712290,116.053,250.2
610.096719093,117.287,251.1
610.608283719,116.873,251.2
611.121662404,121.154,252.1
611.616900499,126.724,252.2
612.090369887,129.199,253.1
612.554768980,122.5,253.2
613.044564898,123.414,254.1
613.530732698,122.955,254.2
614.018714558,119.404,255.1
614.521208889,114.446,255.2
615.045471927,107.386,248.1
615.604202086,108.443,248.2
616.157490068,107.736,249.1
616.714406168,121.154,249.2
617.209644263,108.799,250.1
617.761118186,110.619,250.2
618.303521814,118.125,251.1
618.811458322,111.74,251.2
619.348419773,109.158,252.1
619.898079637,113.271,252.2
620.427784853,118.125,253.1
620.935721361,118.975,253.2
621.440029751,123.876,254.1
621.924383492,121.154,254.2
622.419621587,123.876,256.1
622.903975329,105.334,256.2
623.473589841,113.116,257.1
624.004020680,113.28,257.2
624.533680544,93.2675,258.1
625.176991202,94.5,258.2
625.811911837,98.1454,259.1
626.423249705,58.5398,259.2
627.448193016,32.7747,260.1
629.278873288,37.3375,260.2
630.885834739,113.66,261.1
631.413725896,117.705,261.2
631.923476463,116.053,262.1
632.440483265,124.97,262.2
632.920596644,117.313,263.1
633.432047891,133.799,263.2
633.880483265,130.628,264.1
634.339802993,87.7787,264.2
635.023340408,113.426,257.1
635.552320000,116.297,257.2
636.068238367,100.593,258.1
636.664700952,93.75,258.2
637.304700952,103.23,259.1
637.885925442,60.3118,259.2
638.880755374,29.9592,260.1
640.883476463,31.1089,260.2
642.812183946,112.961,261.1
643.343340408,115.809,261.2
643.861435646,117.788,262.1
644.370823401,121.421,262.2
644.864973061,121.958,263.1
645.356945850,124.155,263.2
645.840211156,107.666,265.1
646.397490068,21.9447,265.2
649.131639728,91.2854,266.1
649.788918639,79.646,266.2
650.542251973,95.427,267.1
651.171004807,98.029,267.2
651.783068299,110.693,268.1
652.325109116,83.0196,268.2
653.047830204,90.0735,269.1
653.713952653,101.333,269.2
654.306061497,100.593,270.1
654.902524082,90.0735,270.2
655.568646531,98.7903,271.1
656.175993469,101.707,271.2
656.765925442,100.593,272.1
657.362388027,92.1823,272.2
658.013272381,80.3571,273.1
658.759939048,87.7787,273.2
659.443476463,89.199,274.1
660.116129524,91.2666,274.2
660.773544490,97.7394,267.1
661.387422041,100.227,267.2
661.986061497,104.403,268.1
662.560755374,81.0662,268.2
663.300891429,91.2666,269.1
663.958306395,106.831,269.2
664.519939048,102.083,270.1
665.107694150,92.4916,270.2
665.756401633,99.5036,271.1
666.359394830,93.4322,271.2
667.001571701,106.01,272.1
667.567558095,99.5036,272.2
668.170551293,86.6745,275.1
668.862796190,96.7105,275.2
669.483204354,90.3689,276.1
670.147149932,77.8602,276.2
670.917762177,89.199,277.1
671.590415238,108.943,277.2
672.141163537,87.2346,278.1
672.828963991,70.9859,278.2
673.674202086,44.4012,279.1
675.025517279,29.701,279.2
677.045653333,95.372,280.1
677.674768980,87.5,280.2
678.360483265,92.4916,281.1
679.009190748,92.1823,281.2
679.660075102,103.23,282.1
680.241299592,87.7787,282.2
680.924837007,87.5,283.1
681.610551293,99.1457,283.2
682.215721361,91.5698,276.1
682.870959456,79.4308,276.2
683.626333605,91.5698,277.1
684.281571701,106.831,277.2
684.843204354,90.0735,278.1
685.509326803,74.2924,278.2
686.316945850,43.6115,279.1
687.692728163,28.8915,279.2
689.769462857,94.3921,280.1
690.405109116,86.6745,280.2
691.097354014,93.4322,281.1
691.739530884,102.463,281.2
692.325109116,92.803,282.1
692.971639728,81.5459,282.2
693.707422041,68.2205,284.1
694.586923175,41.1393,284.2
696.045381224,119.318,285.1
696.548238367,118.294,285.2
697.055449252,112.5,286.1
697.588782585,113.895,286.2
698.115585306,114.844,287.1
698.638034286,120.888,287.2
699.134360816,117.287,288.1
699.645925442,116.297,288.2
700.161843810,118.294,289.1
700.669054694,116.297,289.2
701.184973061,116.297,290.1
701.700891429,123.047,290.2
702.188510476,118.294,291.1
702.695721361,120.36,291.2
703.194224762,107.666,292.1
703.751503673,94.7165,292.2
704.384973061,120.36,285.1
704.883476463,114.844,285.2
705.405925442,129.401,286.1
705.869598912,112.043,286.2
706.405109116,120.36,287.1
706.903612517,122.5,287.2
707.393408435,120.36,288.1
707.891911837,113.895,288.2
708.418714558,113.426,289.1
708.947694150,116.79,289.2
709.461435646,123.047,290.1
709.949054694,126.433,290.2
710.423612517,122.5,291.1
710.913408435,120.888,291.2
711.409734966,112.961,292.1
711.940891429,87.5,292.2
712.626605714,119.837,293.1
713.127285986,95.9043,293.2
713.752909569,105.36,294.1
714.322388027,116.79,294.2
714.836129524,123.047,295.1
715.323748571,96.0366,295.2
715.948510476,69.7785,296.1
716.808374422,33.5719,296.2
718.595585306,115.324,297.1
719.115857415,115.809,297.2
719.633952653,116.79,298.1
720.147694150,123.599,298.2
720.633136327,111.589,299.1
721.170823401,118.294,299.2
721.678034286,87.2231,300.1
722.365925442,108.088,300.2
722.921027483,121.958,293.1
723.413000272,108.514,293.2
723.965925442,107.247,294.1
724.525381224,113.895,294.2
725.052183946,124.717,295.1
725.533272381,92.803,295.2
726.179802993,81.7878,296.1
726.913408435,31.9751,296.2
728.789871020,119.837,297.1
729.290551293,115.809,297.2
729.808646531,122.5,298.1
730.298442449,124.717,298.2
730.779530884,120.36,299.1
731.278034286,135.776,299.2
731.719939048,82.0313,300.1
732.451367619,42.0802,300.2
733.877217959,92.1823,301.1
734.528102313,106.01,301.2
735.094088707,101.707,302.1
735.684020680,105.439,302.2
736.253068299,109.118,303.1
736.802932245,107.666,303.2
737.360211156,106.831,304.1
737.921843810,103.618,304.2
738.500891429,101.707,305.1
739.090823401,108.088,305.2
739.645925442,106.01,306.1
740.211911837,114.844,306.2
740.734360816,108.514,307.1
741.287285986,108.416,307.2
741.840710023,106.103,308.1
742.406197551,98.7903,308.2
743.013544490,108.943,301.1
743.564292789,108.088,301.2
744.119394830,107.247,302.1
744.678850612,109.375,302.2
745.227422041,106.419,303.1
745.791231565,112.961,303.2
746.322388027,106.831,304.1
746.884020680,109.375,304.2
747.432592109,103.078,305.1
748.014678277,105.764,305.2
748.581979864,112.5,306.1
749.115313197,107.491,306.2
749.673499138,111.326,307.1
750.212456054,111.589,307.2
750.750143129,107.247,309.1
751.309598912,112.5,309.2
751.842932245,110.25,310.1
752.387149932,114.308,310.2
752.912047891,110.305,311.1
753.455993469,103.489,311.2
754.035766712,108.656,312.1
754.587966259,75.1022,312.2
755.386877823,52.8017,313.1
756.523204354,83.0196,313.2
757.245925442,94.7165,314.1
757.879394830,108.943,314.2
758.430143129,110.693,315.1
758.972183946,121.958,315.2
759.464156735,117.287,316.1
759.975721361,127.016,316.2
760.448102313,104.009,317.1
761.024973061,117.788,317.2
761.534360816,108.943,310.1
762.085109116,119.837,310.2
762.585789388,115.809,311.1
763.103884626,105.2,311.2
763.674224762,107.247,312.1
764.233680544,74.6951,312.2
765.036945850,59.5302,313.1
766.044837007,76.1899,313.2
766.832342676,93.0412,314.1
767.477217959,99.4625,314.2
768.080460590,112.057,315.1
768.615902766,121.049,315.2
769.111571701,109.28,316.1
769.660619320,119.837,316.2
770.161299592,107.247,318.1
770.720755374,14.2516,318.2
774.930823401,62.7847,319.1
775.886469660,74.6951,319.2
776.689734966,67.5551,320.1
777.577898231,56.8299,320.2
778.633680544,73.6965,321.1
779.447830204,77.5203,321.2
780.221821134,83.1579,322.1
780.943340408,80.1235,322.2
781.692183946,78.5023,323.1
782.456492336,76.5714,323.2
783.240075102,76.6423,324.1
784.022932245,68.7791,324.2
784.895290522,72.8765,325.1
785.718601179,63.6211,325.2
786.661685079,44.9534,326.1
787.996401633,35.1474,326.2
789.703499138,66.6079,327.1
790.604292789,64.2483,327.2
791.538170340,69.4269,328.1
792.402388027,74.0927,328.2
793.212183946,75.7212,329.1
794.004564898,62.2178,329.2
794.968918639,58.5191,330.1
795.994224762,64.3874,330.2
796.926084172,66.2676,331.1
797.831503673,56.0213,331.2
798.902524082,54.0441,332.1
800.012728163,53.4157,332.2
801.135993469,67.39,333.1
802.026333605,54.0441,333.2
803.136537687,54.6875,334.1
804.233680544,48.5255,334.2
805.470143129,73.8941,335.1
806.282115918,58.7687,335.2
807.303068299,53.3124,336.1
808.428510476,64.7007,336.2
809.355857415,74.0927,337.1
810.165653333,48.8697,337.2
811.393408435,40.2961,338.1
812.882388027,23.9057,338.2
815.392251973,63.9455,339.1
816.330551293,56.4805,339.2
817.392864218,55.125,340.1
818.481299592,55.015,340.2
819.571911837,53.3124,341.1
820.697354014,38.4951,341.2
822.255993469,49.3952,342.1
823.470687347,68.0556,342.2
824.352320000,71.0374,343.1
825.196945850,62.0777,343.2
826.163476463,51.8092,344.1
827.321571701,67.7211,344.2
828.207558095,65.0059,345.1
829.130551293,41.4357,345.2
830.578578503,33.9937,346.1
832.343612517,25.0568,346.2
834.738170340,55.125,347.1
835.826605714,50.6664,347.2
837.010823401,43.2014,348.1
838.399666939,40.2961,348.2
839.888646531,39.207,349.1
841.418986667,21.0401,349.2
844.270687347,28.2547,350.1
846.394224762,17.0332,350.2
849.916764444,39.9264,351.1
851.419530884,42.5785,351.2
852.828691882,49.2655,351.3
854.046583039,50.0653,351.4
855.245018413,49.8117,351.5
856.449553560,41.9734,351.6
857.879032018,52.0047,352.1
859.032773515,32.5541,352.2
860.875857415,43.866,352.3
862.243657868,40.8333,352.4
863.713045624,44.3736,352.5
865.065199819,42.3699,352.6
866.481299592,46.5845,353.1
867.769281451,46.4537,353.2
869.060891429,45.5108,353.3
870.379258776,44.2194,353.4
871.736129524,47.9582,353.5
872.987217959,49.5422,353.6
874.198306395,50.4644,354.1
875.387263311,51.6323,354.2
876.549326803,43.4055,354.3
877.931639728,47.7911,354.4
879.187104580,45.9423,354.5
880.493090975,38.7295,354.6
882.042297324,47.7032,355.1
883.300075102,46.9549,355.2
884.577898231,45.2927,355.3
885.902614785,49.823,355.4
887.106877823,47.2399,355.5
888.376991202,47.5216,355.6
889.639576236,48.671,356.1
890.872342676,48.7517,356.2
892.103068299,34.4531,356.3
893.844564898,44.3833,356.4
895.196424308,63.0255,356.5
896.148419773,65.625,356.6
897.062705488,42.8856,357.1
898.461775782,52.4365,357.2
899.606016145,62.4057,357.3
900.567467392,45.1844,357.4
901.895358549,49.3657,357.5
903.110778050,47.9348,357.6
904.362478730,53.4783,358.1
905.484428844,61.532,358.2
906.459530884,31.2618,358.3
908.378805261,40.512,358.4
909.859848345,89.013,358.5
910.533907302,31.2618,358.6
912.453181678,52.5,359.1
913.596038821,51.8417,359.2
914.753408435,51.3587,359.3
915.921662404,47.6585,359.4
917.180619320,65.1083,359.5
918.102161270,53.7183,359.6
919.219100045,51.8183,360.1
920.376991202,53.6932,360.2
921.494451519,49.1867,360.3
922.714292789,62.9326,360.4
923.667694150,54.7599,360.5
924.763385760,50.1136,360.6
925.960664671,46.8484,361.1
927.241390295,50.266,361.2
928.435041088,47.25,361.3
929.704882358,45.3082,361.4
931.029145397,63.3621,361.5
931.976084172,54.7599,361.6
933.071775782,44.9389,362.1
934.406923175,53.8681,362.2
935.520755374,43.75,362.3
936.892183946,49.9622,362.4
938.093090975,62.8698,362.5
939.047444717,44.5575,362.6
940.394020680,38.0342,363.1
941.971549025,59.7022,363.2
942.976537687,46.8484,363.3
944.257263311,46.1555,363.4
945.557217959,53.1069,363.5
946.687013878,47.3286,363.6
947.954746304,37.7498,364.1
949.544156735,41.0156,364.2
951.007013878,52.8017,364.3
952.143340408,45.1474,364.4
953.472320000,39.4313,364.5
954.993952653,54.6875,364.6
956.091095510,43.75,365.1
957.462524082,48.8697,365.2
958.690279184,57.783,365.3
959.728646531,38.9301,365.4
961.269871020,42.1445,365.5
962.693544490,40.7428,365.6
964.166197551,53.8856,366.1
965.279666939,53.4157,366.2
966.402932245,23.5577,366.3
968.949871020,43.494,366.4
970.329372154,48.0689,366.5
971.577580771,43.8268,366.6
972.946605714,40.7428,367.1
974.419258776,61.4977,367.2
975.394905034,70.6165,367.3
976.244564898,70.4023,367.4
977.096809796,65.2254,367.5
978.016696417,66.2676,367.6
978.922115918,75.3074,368.1
979.718850612,75.6605,368.2
980.511866485,73.1667,368.3
981.331911837,57.783,368.4
982.370279184,66.8182,368.5
983.268238367,51.0417,368.6
984.443748571,55.7475,369.1
985.520029751,77.4046,369.2
986.295177143,75.6173,369.3
987.088646531,80.5921,369.4
987.833136327,74.2049,369.5
988.641707755,61.9992,369.6
989.609462857,72.1945,370.1
990.440551293,76.6979,370.2
991.222841542,78.2285,370.3
991.989825669,34.5386,370.4
993.727013878,14.3331,370.5
997.913136327,30.5233,370.6
999.878850612,52.3504,371.1
1001.024973061,57.243,371.2
1002.073136327,54.2035,371.3
1003.180075102,63.3621,371.4
1004.127013878,57.9653,371.5
1005.162115918,37.5767,371.6
1006.758850612,46.6371,372.1
1008.045381224,47.6036,372.2
1009.305789388,51.4716,372.3
1010.471480998,36.6031,372.4
1012.110687347,36.4583,372.5
1013.756401633,33.4729,372.6
1015.548895964,46.279,373.1
1016.845381224,46.2846,373.2
1018.141707755,39.5161,373.3
1019.660075102,43.6511,373.4
1021.034610249,40.8289,373.5
1022.504156735,27.1463,373.6
1024.714406168,51.0417,374.1
1025.889916372,57.1046,374.2
1026.940619320,39.6773,374.3
1028.452818866,50.1478,374.4
1029.649281451,66.0905,374.5
1030.557127256,57.5818,374.6
1031.599122721,49.3942,375.1
1032.813839274,64.0507,375.2
1033.750596644,67.8322,375.3
1034.635131791,67.3351,375.4
1035.526197551,70.4023,375.5
1036.378442449,64.2483,375.6
1037.312320000,72.6285,376.1
1038.138442449,71.2209,376.2
1038.980891429,77.2059,376.3
1039.758034286,49.9321,376.4
1040.959666939,41.4786,376.5
1042.406197551,54.8507,376.6
1043.500075102,55.1802,377.1
1044.587422041,73.0092,377.2
1045.409236100,72.5369,377.3
1046.236401633,72.0588,377.4
1047.069054694,67.062,377.5
1047.963748571,68.6524,377.6
1048.837716825,71.8358,378.1
1049.672954921,65.0315,378.2
1050.595585306,68.5634,378.3
1051.470687347,28.5277,378.4
1053.573907302,15.5735,378.5
1057.426605714,28.3128,378.6
1059.545789388,51.1838,379.1
1060.718034286,59.0836,379.2
1061.733544490,51.4706,379.3
1062.899258776,63.5813,379.4
1063.842932245,75.3074,379.5
1064.639666939,37.3476,379.6
1066.246197551,49.131,380.1
1067.467422041,51.3218,380.2
1068.636515011,50.3137,380.3
1069.829032018,35.5655,380.4
1071.516061497,35.7418,380.5
1073.194768980,35.2011,380.6
1074.899258776,45.0368,381.1
1076.231503673,52.9539,381.2
1077.364564898,56.713,381.3
1078.422524082,47.9765,381.4
1079.673136327,49.5283,381.5
1080.884564898,28.3031,381.6
1083.004474195,41.2002,382.1
1084.460778050,37.3386,382.2
1086.067694150,31.4816,382.3
1087.973567166,43.6065,382.4
1089.349508209,51.8173,382.5
1090.507422041,34.2817,382.6
1092.257626122,43.3373,383.1
1093.642115918,47.1347,383.2
1094.915063764,38.9995,383.3
1096.453544490,40.7736,383.4
1097.925086440,38.0085,383.5
1099.503680544,36.6112,383.6
1101.142524082,26.0638,384.1
1103.444564898,24.8539,384.2
1105.858669206,33.187,384.3
1107.666605714,45.1374,384.4
1108.995880091,40.6458,384.5
1110.472047891,33.0246,384.6
1112.288873288,45.4343,385.1
1113.609462857,48.6111,385.2
1114.843748571,37.5,385.3
1116.443748571,43.2325,385.4
1117.831594376,33.1695,385.5
1119.640483265,22.4085,385.6
1122.318034286,36.5308,386.1
1123.960483265,41.2921,386.2
1125.413544490,34.5503,386.3
1127.150143129,37.1087,386.4
1128.767013878,34.8672,386.5
1130.487830204,30.4726,386.6
1132.456809796,34.9335,387.1
1134.174360816,31.7358,387.2
1136.064973061,30.5233,387.3
1138.030687347,26.5919,387.4
1140.287013878,26.3252,387.5
1142.566197551,20.2145,387.6
1145.534360816,35.473,388.1
1147.225789388,45.4827,388.2
1148.544973061,44.8376,388.3
1149.883136327,45.2377,388.4
1151.209462857,47.4806,388.5
1152.473136327,47.9765,388.6
1153.723748571,43.6461,389.1
1155.098442449,46.2846,389.2
1156.394768980,32.4074,389.3
1158.246197551,42.4365,389.4
1159.660075102,36.2844,389.5
1161.313680544,25.9605,389.6
1163.624882358,3.69776,390.1
1179.850936780,97.8008,391.1
1180.464428844,104.009,391.2
1181.041299592,101.085,392.1
1181.634859683,105.954,392.2
1182.201140862,94.5,393.1
1182.836061497,99.6723,393.2
1183.438034286,103.166,394.1
1184.019621587,117.204,394.2
1184.531549025,143.992,395.1
1184.948238367,120.316,395.2
1185.446923175,111.853,396.1
1185.983340408,131.25,396.2
1186.440483265,125.427,397.1
1186.918850612,119.707,397.2
1187.420075102,121.287,398.1
1187.914768980,145.833,398.2
1188.326197551,100.136,399.1
1188.925381224,113.416,399.2
1189.454406168,134.138,400.1
1189.901707755,113.077,400.2
1190.432320000,105.908,401.1
1190.998850612,125,401.2
1191.478850612,111.702,402.1
1192.015993469,127.604,402.2
1192.486197551,123.322,403.1
1192.972728163,128.049,403.2
1193.441299592,108.398,404.1
1193.994814331,124.167,404.2
1194.478034286,133.636,405.1
1194.927013878,112.923,405.2
1195.458351746,123.923,406.1
1195.942524082,119.318,406.2
1196.445381224,132.194,407.1
1196.899258776,112.711,407.2
1197.431594376,128.074,408.1
1197.900075102,116.297,408.2
1198.415993469,128.497,409.1
1198.882932245,112.385,409.2
1199.416809796,118.167,410.1
1199.924564898,119.777,410.2
1200.425494603,131.165,411.1
1200.882932245,128.947,411.2
1201.348238367,128.049,412.1
1201.816809796,115.204,412.2
1202.337626122,125,413.1
1202.817626122,119.168,413.2
1203.321118186,122.75,414.1
1203.809916372,134.506,414.2
1204.255993469,131.57,415.1
1204.712025215,129.092,415.2
1205.176809796,125.564,416.1
1205.654655601,133.603,416.2
1206.103748571,114.397,417.1
1206.628238367,142.996,417.2
1207.047830204,119.707,418.1
1207.549054694,124.576,418.2
1208.030687347,119.615,419.1
1208.532297324,122.494,419.2
1209.022115918,127.273,420.1
1209.493544490,119.636,420.2
1209.995063764,129.029,421.1
1210.460075102,121.287,421.2
1210.954768980,151.235,422.1
1211.351503673,120.492,422.2
1211.849462857,122.093,423.1
1212.340891429,133.152,423.2
1212.791503673,123.116,424.1
1213.278850612,126.943,424.2
1213.751503673,125.367,425.1
1214.230097778,129.98,425.2
1214.691707755,129.801,426.1
1215.153952653,134.124,426.2
1215.601299592,131.25,427.1
1216.058442449,124.442,427.2
1216.540596644,129.382,428.1
1217.004338141,138.868,428.2
1217.436401633,140.267,429.1
1217.864156735,127.163,429.2
1218.335993469,127.163,430.1
1218.807830204,125,430.2
1219.287830204,130.783,431.1
1219.746605714,116.764,431.2
1220.260460590,125.743,432.1
1220.737626122,125.856,432.2
1221.214360816,115.931,433.1
1221.731911837,125.856,433.2
1222.208646531,126.724,434.1
1222.682115918,125,434.2
1223.162115918,124.576,435.1
1223.643748571,120.492,435.2
1224.141707755,122.5,436.1
1224.631503673,118.167,436.2
1225.139258776,124.576,437.1
1225.620891429,122.91,437.2
1226.109054694,116.297,438.1
1226.624973061,131.25,438.2
1227.082115918,127.163,439.1
1227.553952653,118.548,439.2
1228.060075102,122.91,440.1
1228.548238367,120.492,440.2
1229.046197551,125,441.1
1229.526197551,126.724,441.2
1229.999666939,100.962,442.1
1230.593952653,114.506,442.2
1231.117943583,108.389,443.1
1231.671503673,124.155,443.2
1232.154768980,114.486,444.1
1232.678850612,113.777,444.2
1233.206197551,125,445.1
1233.686197551,114.377,445.2
1234.210778050,136.223,446.1
1234.651231565,132.711,446.2
1235.103340408,111.027,447.1
1235.643748571,121.01,447.2
1236.139576236,116.924,448.1
1236.652728163,120.098,448.2
1237.152320000,124.155,449.1
1237.635585306,115.971,449.2
1238.152954921,124.109,450.1
1238.636401633,127.604,450.2
1239.106605714,128.947,451.1
1239.571911837,122.483,451.2
1240.061775782,105.616,452.1
1240.629871020,114.59,452.2
1241.153476463,111.542,453.1
1241.691390295,115.269,453.2
1242.211911837,118.167,454.1
1242.719666939,113.411,454.2
1243.248714558,122.927,455.1
1243.736809796,114.844,455.2
1244.259258776,122.07,456.1
1244.750778050,118.432,456.2
1245.257399365,121.516,457.1
1245.751163537,121.204,457.2
1246.246197551,114.844,458.1
1246.768646531,128.049,458.2
1247.237217959,123.737,459.1
1247.722115918,126.724,459.2
1248.195585306,119.318,460.1
1248.698442449,121.287,460.2
1249.193136327,127.604,461.1
1249.663340408,122.91,461.2
1250.151503673,119.318,462.1
1250.654360816,124.278,462.2
1251.137149932,120.377,463.1
1251.635585306,120.888,463.2
1252.131911837,119.307,464.1
1252.634814331,123.749,464.2
1253.119666939,121.689,465.1
1253.612728163,122.91,465.2
1254.100891429,122.46,466.1
1254.590846077,97.7646,466.2
1255.204564898,118.167,467.1
1255.712320000,121.043,467.2
1256.208011610,117.407,468.1
1256.719054694,135.421,468.2
1257.162115918,112.73,469.1
1257.694360816,123.737,469.2
1258.179258776,124.155,470.1
1258.662524082,128.947,470.2
1259.127830204,112.73,471.1
1259.660075102,122.5,471.2
1260.149871020,116.667,472.1
1260.664156735,122.687,472.2
1261.153204354,121.504,473.1
1261.647013878,115.566,473.2
1262.166197551,119.318,474.1
1262.669054694,125.427,474.2
1263.147422041,119.318,475.1
1263.650279184,127.604,475.2
1264.120483265,114.13,476.1
1264.646197551,118.932,476.2
1265.150687347,124.882,477.1
1265.631140862,123.853,477.2
1266.115585306,124.565,478.1
1266.597263311,121.198,478.2
1267.092320000,115.359,479.1
1267.612433379,60.5257,479.2
1268.603748571,120.712,480.1
1269.100800726,130.731,480.2
1269.559757642,115.189,481.1
1270.080641995,122.11,481.2
1270.572002540,116.461,482.1
1271.087195283,133.751,482.2
1271.535789388,122.631,483.1
1272.025063764,147,483.2
1272.433227029,135,484.1
1272.877671474,131.25,484.2
1273.334814331,123.07,485.1
1273.822342676,124.682,485.2
1274.303567166,129.859,486.1
1274.765607982,124.214,486.2
1275.248646531,125.284,487.1
1275.727558095,133.367,487.2
1276.177444717,122.048,488.1
1276.669054694,133.907,488.2
1277.117127256,127.703,489.1
1277.586968526,133.367,489.2
1278.036855147,124.906,490.1
1278.517217959,127.163,490.2
1278.989054694,117.038,491.1
1279.501707755,125.427,491.2
1279.980075102,123.322,492.1
1280.466605714,128.167,492.2
1280.934746304,115.536,493.1
1281.454066032,128.866,493.2
1281.919666939,134.124,494.1
1282.367013878,129.859,494.2
1282.829054694,121.986,495.1
1283.320914104,157.229,495.2
1283.702524082,102.997,496.1
1284.285063764,116.41,496.2
1284.800483265,142.711,497.1
1285.220914104,117.794,497.2
1285.730279184,128.049,498.1
1286.198850612,124.576,498.2
1286.680483265,127.163,499.1
1287.152320000,113.077,499.2
1287.682932245,106.522,500.1
1288.246197551,104.701,500.2
1288.819258776,109.752,501.1
1289.365948118,104.954,501.2
1289.937626122,103.23,502.1
1290.518850612,107.771,502.2
1291.075585306,113.426,503.1
1291.604564898,113.777,503.2
1292.131911837,120.076,504.1
1292.631594376,117.809,504.2
1293.140891429,119.902,505.1
1293.641299592,122.296,505.2
1294.131911837,164.063,506.1
1294.497626122,94.2308,506.2
1295.134360816,126.289,507.1
1295.609462857,109.375,507.2
1296.158034286,109.538,508.1
1296.705789388,122.619,508.2
1297.195109116,110.099,509.1
1297.740075102,126.724,509.2
1298.213544490,111.702,510.1
1298.750687347,124.155,510.2
1299.233952653,117.038,511.1
1299.746605714,122.91,511.2
1300.234768980,115.566,512.1
1300.753952653,88.3413,512.2
1301.433136327,82.9571,513.1
1302.156401633,126.724,513.2
1302.629871020,128.049,514.1
1303.098442449,125.427,514.2
1303.576809796,136.617,515.1
1304.015993469,130.783,515.2
1304.474768980,129.401,516.1
1304.938442449,127.604,516.2
1305.408646531,125.427,517.1
1305.887013878,124.576,517.2
1306.368646531,112.961,518.1
1306.899802993,73.9933,518.2
1307.710687347,54.9567,519.1
1308.802456054,50.8768,519.2
1309.981775782,38.5147,520.1
1311.539621587,37.5852,520.2
1313.135993469,30.3886,521.1
1315.110415238,32.7804,521.2
1316.940778050,30.2968,522.1
1318.921186213,12.2477,522.2
1323.820075102,51.1838,523.1
1324.992320000,62.2881,523.2
1325.955585306,67.3077,524.1
1326.847013878,73.2072,524.2
1327.666605714,77.2059,525.1
1328.443748571,73.8281,525.2
1329.256446984,81.1856,526.1
1329.995494603,79.0134,526.2
1330.754859683,80.4793,527.1
1331.500392562,90.7096,527.2
1332.161843810,85.2888,528.1
1332.865335873,69.8964,528.2
1333.723748571,82.0313,529.1
1334.455177143,79.4428,529.2
1335.210437914,62.0704,530.1
1336.177081905,51.1364,530.2
1337.350415238,71.3746,531.1
1338.191050159,82.8947,531.2
1338.914859683,71.5909,532.1
1339.752954921,75.4792,532.2
1340.547875556,76.3526,533.1
1341.333703220,85.1105,533.2
1342.038669206,72.6923,534.1
1342.864066032,84.6774,534.2
1343.572637460,79.7589,535.1
1344.324905034,80.7446,535.2
1345.067988934,76.4055,536.1
1345.853272381,76.1724,536.2
1346.640959456,78.5303,537.1
1347.404995737,69.2362,537.2
1348.271594376,71.3246,538.1
1349.112818866,76.8159,538.2
1349.893907302,87.6769,539.1
1350.578238367,79.2952,539.2
1351.334905034,67.0009,540.1
1352.230415238,68.8775,540.2
1353.101526349,84.375,541.1
1353.812637460,71.4691,541.2
1354.652161270,51.088,542.1
1355.826605714,62.8324,542.2
1356.781526349,67.5,543.1
1357.670415238,78.2285,543.2
1358.437399365,76.4563,544.1
1359.222161270,71.8826,544.2
1360.056855147,83.6759,545.1
1360.773907302,79.8142,545.2
1361.525653333,75.7212,546.1
1362.318034286,70.3854,546.2
1363.170483265,81.3103,547.1
1363.908397098,77.5112,547.2
1364.682478730,71.9589,548.1
1365.516288254,70.378,548.2
1366.368827937,79.8142,549.1
1367.120573968,60.2679,549.2
1368.116129524,45.979,550.1
1369.421072834,49.823,550.2
1370.625335873,63.6792,551.1
1371.567558095,74.0368,551.2
1372.377966259,79.8407,552.1
1373.129462857,78.2285,552.2
1373.896446984,75.4792,553.1
1374.691367619,75.2538,553.2
1375.488669206,72.4277,554.1
1376.317081905,64.5712,554.2
1377.246288254,67.3077,555.1
1378.137716825,65.2624,555.2
1379.057081905,70.4998,556.1
1379.908147664,65.2818,556.2
1380.827240635,71.1596,557.1
1381.670415238,67.8879,557.2
1382.554224762,70.1039,558.1
1383.410097778,74.5268,558.2
1384.215177143,73.3696,559.1
1385.032954921,69.4215,559.2
1385.897240635,75.3138,560.1
1386.693907302,69.9168,560.2
1387.552070567,67.2889,561.1
1388.443748571,70.3125,561.2
1389.297081905,65.625,562.1
1390.211367619,61.0465,562.2
1391.194224762,69.4853,563.1
1392.057716825,72.4693,563.2
1392.885653333,72.0274,564.1
1393.718669206,72.3148,564.2
1394.548374422,71.7423,565.1
1395.384700952,72.6444,565.2
1396.210641995,76.7713,566.1
1396.992183946,74.2799,566.2
1397.799939048,74.0596,567.1
1398.610097778,69.4106,567.2
1399.474519546,69.9722,568.1
1400.332002540,68.4783,568.2
1401.208193016,69.8743,569.1
1402.066877823,63.8698,569.2
1403.006288254,68.4783,570.1
1403.882478730,60.5132,570.2
1404.873998005,80.1964,571.1
1405.622161270,73.8055,571.2
1406.435109116,67.006,572.1
1407.330551293,68.8131,572.2
1408.202478730,78.4884,573.1
1408.966923175,76.9544,573.2
1409.746605714,71.3592,574.1
1410.587422041,63.8637,574.2
1411.526923175,60.2679,575.1
1412.522478730,59.9619,575.2
1413.523113651,62.6658,576.1
1414.480573968,67.0179,576.2
1415.375857415,69.8743,577.1
1416.234542222,66.2925,577.2
1417.139621587,66.6616,578.1
1418.039689615,77.0552,578.2
1418.818351746,77.1114,579.1
1419.596446984,77.8029,579.2
1420.367626122,69.6958,580.1
1421.228510476,69.6903,580.2
1422.089462857,71.9648,581.1
1422.923204354,71.4363,581.2
1423.763113651,68.6773,582.1
1424.636764444,51.2473,582.2
1425.807558095,49.9471,583.1
1427.008827937,65.8078,583.2
1427.920573968,58.9822,584.1
1428.937830204,64.119,584.2
1429.873589841,67.6934,585.1
1430.759939048,55.9834,585.2
1431.831685079,60.422,586.1
1432.824700952,66.9263,586.2
1433.721208889,70.3125,587.1
1434.574542222,67.1165,587.2
1435.468510476,70.7487,588.1
1436.316583039,69.8817,588.2
1437.175177143,74.2591,589.1
1437.983159002,71.1903,589.2
1438.825970794,71.3823,590.1
1439.666515011,71.8007,590.2
1440.502161270,76.649,591.1
1441.284950385,73.6493,591.2
1442.099621587,68.8775,592.1
1442.970732698,71.1596,592.2
1443.813907302,67.8879,593.1
1444.697716825,63.8514,593.2
1445.637399365,52.2677,594.1
1446.785335873,44.4915,594.2
1448.133907302,595.1
